Date,1 Mo,2 Mo,3 Mo,6 Mo,1 Yr,2 Yr,3 Yr,5 Yr,7 Yr,10 Yr,20 Yr,30 Yr
1/3/2019,0.008333333333333304,0.008333333333333304,-0.004132231404958553,-0.015936254980079556,-0.03846153846153855,-0.04399999999999993,-0.04858299595141702,-0.048192771084337394,-0.046875,-0.03759398496240607,-0.028268551236749095,-0.01683501683501687
1/4/2019,-0.008264462809917328,0.0,0.004149377593360981,0.0161943319838056,0.028000000000000025,0.046025104602510414,0.051063829787234116,0.05063291139240511,0.049180327868852514,0.04296875,0.029090909090909056,0.020547945205479534
1/7/2019,0.008333333333333304,0.0,0.012396694214876103,0.01195219123505975,0.0038910505836575737,0.01200000000000001,0.0161943319838056,0.016064257028112205,0.015625,0.011235955056179803,0.010600706713780772,0.003355704697986628
1/8/2019,-0.008264462809917328,0.0,0.004081632653061051,0.0,0.007751937984496138,0.01976284584980248,0.0239043824701195,0.01976284584980248,0.011538461538461497,0.011111111111111072,0.006993006993007089,0.0033444816053511683
1/9/2019,0.0,0.0,-0.004065040650406471,-0.007874015748031482,-0.0038461538461539435,-0.007751937984496138,-0.011673151750972721,-0.00387596899224818,0.0038022813688214363,0.00366300366300365,0.00694444444444442,0.010000000000000009
1/10/2019,0.008333333333333304,0.0,-0.008163265306122436,-0.003968253968254065,0.0,0.0,0.0,-0.0038910505836574627,-0.0037878787878788955,0.0,0.006896551724137945,0.00990099009900991
1/11/2019,-0.004132231404958553,0.004132231404958775,0.0,-0.003984063745019806,-0.0038610038610037423,-0.003906250000000111,-0.011811023622047334,-0.015625,-0.011406844106463754,-0.010948905109489093,-0.006849315068493178,-0.006535947712418277
1/14/2019,0.004149377593360981,0.0,0.008230452674897082,0.008000000000000007,-0.00387596899224818,-0.007843137254901933,0.0,0.003968253968253954,0.0,0.0,0.0034482758620690834,0.006578947368421018
1/15/2019,-0.004132231404958553,0.0,0.0,0.0,0.0,0.0,0.0,0.0,0.0038461538461538325,0.0036900369003691758,0.0034364261168384758,0.006535947712418277
1/16/2019,0.0,-0.012345679012345734,-0.008163265306122436,-0.011904761904761862,0.0,0.007905138339920903,0.007968127490039834,0.0039525691699606735,0.003831417624521105,0.003676470588235281,0.0,-0.0032467532467532756
1/17/2019,0.0,0.004166666666666874,-0.004115226337448652,0.00401606425702794,0.0,0.0039215686274509665,0.007905138339920903,0.015748031496062964,0.01526717557251911,0.0073260073260073,0.0034246575342467,0.0
1/18/2019,-0.004149377593361092,-0.004149377593361092,-0.004132231404958553,0.0,0.011673151750972943,0.0234375,0.019607843137255054,0.015503875968992276,0.015037593984962516,0.014545454545454639,0.006825938566553003,0.006514657980456029
1/22/2019,-0.008333333333333304,0.0,0.008298755186721962,0.0040000000000000036,-0.0038461538461539435,-0.01526717557251911,-0.019230769230769384,-0.019083969465648942,-0.0185185185185186,-0.017921146953404965,-0.013559322033898313,-0.009708737864077555
1/23/2019,-0.004201680672268782,-0.008333333333333304,-0.008230452674897082,0.0,0.0,0.0,0.007843137254901933,0.0077821011673151474,0.0037735849056603765,0.007299270072992581,0.0068728522336769515,0.0032679738562091387
1/24/2019,0.00421940928270037,0.0126050420168069,-0.016597510373444035,-0.003984063745019806,-0.0038610038610037423,-0.007751937984496138,-0.011673151750972721,-0.015444015444015413,-0.015037593984962405,-0.014492753623188248,-0.013651877133105783,-0.009771986970683932
1/25/2019,-0.008403361344537785,0.0,0.00843881856540074,0.0040000000000000036,0.007751937984496138,0.015625,0.015748031496062964,0.015686274509803866,0.01526717557251911,0.014705882352941124,0.01038062283737018,0.006578947368421018
1/28/2019,0.01271186440677985,0.0,0.012552301255229992,0.0,0.0,0.0,0.0,-0.0038610038610037423,-0.00375939849624074,-0.0036231884057970065,0.0,0.0
1/29/2019,0.0,0.0,0.0,0.0,0.0,-0.015384615384615441,-0.015503875968992276,-0.011627906976744318,-0.015094339622641506,-0.010909090909090868,-0.006849315068493178,-0.006535947712418277
1/30/2019,0.004184100418409997,-0.008298755186721962,0.0,-0.003984063745019806,-0.011538461538461608,-0.015625,-0.019685039370078705,-0.023529411764705688,-0.011494252873563093,-0.007352941176470562,0.0,0.006578947368421018
1/31/2019,0.008333333333333304,0.01673640167364021,-0.004132231404958553,-0.016000000000000014,-0.0077821011673151474,-0.02777777777777768,-0.02409638554216864,-0.02409638554216864,-0.027131782945736593,-0.02592592592592602,-0.024137931034482696,-0.02287581699346397
2/1/2019,-0.004132231404958553,-0.004115226337448652,-0.004149377593361092,0.0,0.0039215686274509665,0.02857142857142847,0.028806584362139898,0.03292181069958833,0.031872509960159334,0.026615969581749166,0.0176678445229681,0.013377926421404451
2/4/2019,0.0,-0.004132231404958553,0.008333333333333304,0.012195121951219523,0.00390625,0.003968253968253954,0.008000000000000007,0.007968127490039834,0.011583011583011782,0.011111111111111072,0.01388888888888884,0.00990099009900991
2/5/2019,-0.008298755186721962,-0.004149377593361092,0.0,0.00401606425702794,-0.0038910505836574627,0.0,-0.007936507936507908,-0.007905138339920903,-0.007633587786259555,-0.0073260073260073,-0.010273972602739656,-0.009803921568627527
2/6/2019,0.004184100418409997,0.004166666666666874,0.0,0.0,0.0,-0.0039525691699603405,0.0,-0.003984063745019806,-0.0038461538461539435,-0.0036900369003689537,-0.0034602076124568004,0.0
2/7/2019,0.012500000000000178,0.008298755186721962,0.0,-0.0039999999999998925,-0.003906250000000111,-0.015873015873015928,-0.016000000000000014,-0.016000000000000014,-0.019305019305019266,-0.0185185185185186,-0.01041666666666663,-0.009900990099009799
2/8/2019,0.0,0.0,0.004132231404958775,0.0,-0.0039215686274508554,-0.012096774193548265,-0.012195121951219412,-0.008130081300813052,-0.003937007874015852,-0.007547169811320753,-0.010526315789473717,-0.009999999999999898
2/11/2019,0.00411522633744843,0.00411522633744843,0.008230452674897082,0.008032128514056103,0.003937007874015741,0.012244897959183598,0.016460905349794164,0.012295081967213184,0.011857707509881577,0.0076045627376426506,0.010638297872340496,0.010101010101009944
2/12/2019,-0.008196721311475419,-0.004098360655737654,-0.008163265306122436,-0.003984063745019806,0.0,0.008064516129032251,0.004048582995951344,0.00809716599190291,0.0078125,0.01132075471698113,0.007017543859649145,0.006666666666666599
2/13/2019,0.0,-0.004115226337448652,0.00411522633744843,0.0040000000000000036,0.0,0.01200000000000001,0.016129032258064502,0.016064257028112205,0.011627906976744207,0.011194029850746245,0.006968641114982521,0.0066225165562914245
2/14/2019,0.012396694214876103,0.004132231404958775,-0.004098360655737654,0.0,-0.007843137254901933,-0.011857707509881354,-0.015873015873015928,-0.019762845849802257,-0.019157088122605304,-0.01845018450184499,-0.01384083044982698,-0.009868421052631637
2/15/2019,-0.008163265306122436,0.0,0.0,-0.003984063745019806,0.007905138339920903,0.008000000000000007,0.008064516129032251,0.0040322580645162365,0.00390625,0.0,-0.0035087719298246833,-0.0033222591362125353
2/19/2019,0.00411522633744843,-0.004115226337448652,0.008230452674897082,0.008000000000000007,-0.0039215686274508554,-0.007936507936507908,-0.0119999999999999,-0.008032128514056214,-0.0077821011673151474,-0.00375939849624074,0.0,-0.0033333333333332993
2/20/2019,-0.012295081967213073,0.0,0.0,-0.003968253968254065,0.0,0.0,0.0,0.0,0.0,0.0,0.0,0.0033444816053511683
2/21/2019,0.008298755186721962,0.008264462809917328,0.0,0.0,0.003937007874015741,0.01200000000000001,0.00809716599190291,0.0161943319838056,0.015686274509803866,0.015094339622641506,0.01760563380281699,0.016666666666666607
2/22/2019,0.0,0.004098360655737876,0.004081632653061051,0.0,0.0,-0.019762845849802257,-0.012048192771084487,-0.015936254980079556,-0.015444015444015413,-0.014869888475836479,-0.01038062283737029,-0.00983606557377048
2/25/2019,0.00411522633744843,0.004081632653061051,0.004065040650406582,0.0,0.0039215686274509665,0.012096774193548265,0.008130081300812941,0.004048582995951344,0.007843137254901933,0.007547169811320753,0.0034965034965035446,0.0033112582781456013
2/26/2019,-0.004098360655737654,-0.008130081300813052,-0.0080971659919028,0.0,-0.003906250000000111,-0.01195219123505964,-0.016129032258064502,-0.012096774193548265,-0.011673151750972721,-0.011235955056179692,-0.010452961672474004,-0.0066006600660065695
2/27/2019,0.0,0.0,0.0,0.003984063745019917,-0.0039215686274508554,0.008064516129032251,0.016393442622950838,0.01632653061224487,0.019685039370078705,0.01893939393939381,0.02464788732394374,0.019933554817275656
2/28/2019,0.00411522633744843,0.012295081967213184,0.0,-0.007936507936507908,0.0,0.008000000000000007,0.008064516129032251,0.012048192771084265,0.015444015444015413,0.014869888475836479,0.010309278350515427,0.006514657980456029
3/1/2019,0.0,-0.004048582995951455,-0.004081632653061273,0.008000000000000007,0.003937007874015741,0.011904761904761862,0.016000000000000014,0.015873015873015817,0.015209125475285079,0.01098901098901095,0.010204081632653184,0.012944983818770295
3/4/2019,0.004098360655737876,0.0,0.008196721311475308,0.007936507936507908,-0.0039215686274508554,0.0,-0.007874015748031482,-0.011718750000000111,-0.014981273408239737,-0.014492753623188248,-0.013468013468013518,-0.012779552715655007
3/5/2019,-0.004081632653061273,-0.004065040650406471,0.0,-0.003937007874015852,0.0,0.0,0.0,0.0,0.0,0.0,0.0,-0.003236245954692518
3/6/2019,-0.004098360655737654,-0.004081632653061273,0.004065040650406582,0.0,0.0,-0.0117647058823529,-0.011904761904761862,-0.015810276679841695,-0.01520912547528519,-0.011029411764705954,-0.010238907849829393,-0.006493506493506551
3/7/2019,0.008230452674897082,0.008196721311475308,-0.0080971659919028,-0.0039525691699603405,-0.007874015748031482,-0.01984126984126977,-0.0200803212851407,-0.0200803212851407,-0.019305019305019266,-0.018587360594795488,-0.01379310344827589,-0.009803921568627527
3/8/2019,0.0,0.0,0.004081632653061051,0.0,0.003968253968253954,-0.0080971659919028,-0.004098360655737654,-0.008196721311475419,-0.011811023622047334,-0.007575757575757569,-0.010489510489510412,-0.009900990099009799
3/11/2019,-0.004081632653061273,-0.004065040650406471,0.0,0.007936507936507908,0.0,0.008163265306122547,0.008230452674897082,0.008264462809917328,0.007968127490039834,0.007633587786259444,0.010600706713780772,0.010000000000000009
3/12/2019,0.0,0.004081632653061051,0.0,-0.003937007874015852,-0.0039525691699603405,-0.0080971659919028,-0.01632653061224487,-0.012295081967213073,-0.011857707509881354,-0.011363636363636465,-0.013986013986013957,-0.009900990099009799
3/13/2019,-0.004098360655737654,-0.008130081300813052,-0.004065040650406471,0.0,0.003968253968253954,0.0,0.0,0.004149377593360981,0.0040000000000000036,0.0,0.0,0.006666666666666599
3/14/2019,0.020576131687242816,0.008196721311475308,0.0,-0.0039525691699603405,-0.0039525691699603405,0.004081632653061051,0.004149377593360981,0.004132231404958775,0.007968127490039834,0.00766283524904221,0.014184397163120588,0.0066225165562914245
3/15/2019,-0.008064516129032251,0.0,0.0,0.0,0.0,-0.012195121951219412,-0.012396694214875992,-0.012345679012345734,-0.015810276679841695,-0.01520912547528519,-0.010489510489510412,-0.006578947368421018
3/18/2019,0.004065040650406582,0.0,-0.004081632653061273,-0.003968253968254065,0.0,0.008230452674897082,0.008368200836819994,0.008333333333333304,0.008032128514056103,0.0038610038610038533,0.0,-0.0033112582781458233
3/19/2019,-0.004048582995951455,0.004065040650406582,0.008196721311475308,0.003984063745019917,-0.007936507936507908,0.004081632653061051,0.004149377593360981,0.0,0.0,0.0038461538461538325,0.0035335689045936647,0.0033222591362127574
3/20/2019,-0.004065040650406471,-0.0080971659919028,0.008130081300812941,-0.011904761904761862,-0.0119999999999999,-0.024390243902439046,-0.03305785123966942,-0.03305785123966942,-0.027888446215139417,-0.026819923371647403,-0.017605633802816878,-0.013245033112582738
3/21/2019,0.024489795918367196,0.008163265306122547,0.0040322580645162365,0.00401606425702794,0.004048582995951344,0.004166666666666874,0.0,0.0,0.0,0.0,-0.0035842293906810374,-0.006711409395973145
3/22/2019,-0.007968127490039723,0.004048582995951344,-0.012048192771084487,-0.008000000000000007,-0.012096774193548265,-0.04149377593361003,-0.04273504273504258,-0.04273504273504258,-0.040983606557377095,-0.03937007874015752,-0.03237410071942437,-0.027027027027027084
3/25/2019,-0.008032128514056214,-0.004032258064516014,0.0,0.0040322580645162365,-0.01632653061224487,-0.0216450216450218,-0.022321428571428714,-0.013392857142857206,-0.008547008547008517,-0.004098360655737654,-0.0037174721189590088,-0.003472222222222099
3/26/2019,-0.004048582995951455,-0.012145748987854366,0.0,0.0,0.012448132780082943,-0.008849557522123686,-0.004566210045662045,-0.013574660633484115,-0.012931034482758563,-0.008230452674897082,-0.003731343283582156,-0.0034843205574913716
3/27/2019,-0.004065040650406471,-0.004098360655737654,-0.008130081300813052,-0.012048192771084487,-0.016393442622950838,-0.008928571428571397,-0.00917431192660556,0.0,-0.004366812227074357,-0.008298755186721962,-0.014981273408239737,-0.010489510489510412
3/28/2019,-0.004081632653061273,0.008230452674897082,-0.004098360655737654,-0.008130081300813052,0.0,0.0045045045045044585,0.0092592592592593,0.00917431192660545,0.004385964912280826,0.0,-0.0038022813688212143,-0.007067137809187329
3/29/2019,-0.004098360655737654,-0.004081632653061273,-0.012345679012345734,0.0,0.0,0.017937219730941756,0.013761467889908063,0.013636363636363447,0.008733624454148492,0.008368200836819994,0.003816793893129722,0.0
4/1/2019,-0.004115226337448652,-0.004098360655737654,0.012500000000000178,0.008196721311475308,0.004166666666666874,0.026431718061673992,0.03619909502262453,0.03587443946188351,0.03896103896103886,0.03319502074688807,0.03041825095057038,0.028469750889679846
4/2/2019,0.004132231404958775,-0.004115226337448652,-0.004115226337448652,-0.004065040650406471,0.0,-0.012875536480686844,-0.013100436681222849,-0.012987012987013102,-0.008333333333333304,-0.004016064257028162,-0.0036900369003689537,-0.0034602076124568004
4/3/2019,-0.004115226337448652,0.004132231404958775,0.008264462809917328,0.0,0.0,0.013043478260869712,0.013274336283185972,0.01754385964912286,0.01680672268907557,0.016129032258064502,0.01851851851851838,0.01736111111111116
4/4/2019,0.004132231404958775,0.0,0.0,0.004081632653061051,0.0,0.0,0.0,0.0,-0.004132231404958553,-0.003968253968254065,-0.0036363636363635488,-0.0034129692832765013
4/5/2019,-0.004115226337448652,0.0,0.0,0.0,0.008298755186721962,0.008583690987124415,0.004366812227074135,-0.004310344827586077,-0.004149377593361092,-0.003984063745019806,-0.007299270072992692,-0.003424657534246478
4/8/2019,0.004132231404958775,0.00411522633744843,-0.004098360655737654,0.008130081300812941,0.0,0.004255319148936065,0.004347826086956719,0.008658008658008587,0.008333333333333304,0.008000000000000007,0.007352941176470562,0.0068728522336769515
4/9/2019,-0.004115226337448652,-0.004098360655737654,-0.004115226337448652,-0.008064516129032251,-0.004115226337448652,-0.004237288135593098,0.0,-0.008583690987124526,-0.008264462809917328,-0.003968253968254065,-0.0036496350364964014,-0.0034129692832765013
4/10/2019,-0.008264462809917328,-0.008230452674897082,0.004132231404958775,0.0,-0.004132231404958553,-0.017021276595744705,-0.017316017316017285,-0.012987012987013102,-0.012499999999999956,-0.01195219123505964,-0.0073260073260073,-0.006849315068493178
4/11/2019,0.008333333333333304,0.008298755186721962,0.0,0.0,0.012448132780082943,0.017316017316017396,0.013215859030836885,0.013157894736842257,0.012658227848101111,0.012096774193548265,0.011070110701107083,0.01379310344827589
4/12/2019,-0.004132231404958553,0.0,0.00411522633744843,0.004065040650406582,0.0,0.02127659574468077,0.026086956521739202,0.030303030303030276,0.029166666666666785,0.019920318725099806,0.014598540145985162,0.010204081632653184
4/15/2019,0.004149377593360981,0.0,-0.004098360655737654,-0.004048582995951455,-0.004098360655737654,0.0,0.0,-0.004201680672268782,-0.004048582995951455,-0.003906250000000111,-0.003597122302158251,-0.0033670033670034627
4/16/2019,0.004132231404958775,0.00411522633744843,0.0,0.004065040650406582,0.008230452674897082,0.004166666666666874,0.008474576271186418,0.016877637130801704,0.016260162601626105,0.019607843137255054,0.014440433212996373,0.01013513513513531
4/17/2019,0.0,0.0,0.00411522633744843,0.0,-0.004081632653061273,-0.004149377593361092,-0.004201680672268782,-0.004149377593361092,-0.0039999999999998925,-0.0038461538461539435,0.0,0.0
4/18/2019,0.00411522633744843,0.0,-0.008196721311475419,0.0,0.0,-0.008333333333333304,-0.0042194092827004814,-0.008333333333333304,-0.012048192771084487,-0.007722007722007707,-0.01067615658362997,-0.010033444816053616
4/22/2019,0.0,0.0,0.008264462809917328,0.0,0.008196721311475308,0.0,0.0,0.004201680672269115,0.012195121951219523,0.0077821011673151474,0.014388489208633004,0.01013513513513531
4/23/2019,-0.004098360655737654,0.0,0.004098360655737876,-0.004048582995951455,-0.012195121951219412,-0.008403361344537785,-0.008474576271186418,-0.012552301255230214,-0.012048192771084487,-0.007722007722007707,-0.0035460992907800915,-0.0033444816053512794
4/24/2019,-0.004115226337448652,-0.004098360655737654,-0.004081632653061273,0.0,-0.004115226337448652,-0.016949152542372947,-0.02564102564102566,-0.016949152542372947,-0.020325203252032464,-0.015564202334630406,-0.017793594306049876,-0.01342281879194629
4/25/2019,0.004132231404958775,0.00411522633744843,-0.004098360655737654,0.0,0.0,0.004310344827586299,0.004385964912280826,0.004310344827586299,0.004149377593360981,0.0039525691699606735,0.0,0.0
4/26/2019,-0.004115226337448652,-0.004098360655737654,-0.004115226337448652,0.0,-0.004132231404958553,-0.02145922746781126,-0.017467248908296984,-0.01716738197424894,-0.012396694214875992,-0.011811023622047334,-0.007246376811594013,-0.006802721088435382
4/29/2019,0.012396694214876103,0.008230452674897082,0.008264462809917328,0.004065040650406582,0.004149377593360981,0.00877192982456143,0.008888888888888946,0.013100436681222627,0.012552301255229992,0.01195219123505975,0.014598540145985162,0.013698630136986356
4/30/2019,-0.008163265306122436,-0.004081632653061273,-0.004098360655737654,-0.004048582995951455,-0.012396694214875992,-0.01304347826086949,-0.013215859030836885,-0.017241379310344862,-0.012396694214875992,-0.011811023622047334,-0.010791366906474753,-0.010135135135135087
5/1/2019,-0.004115226337448652,-0.012295081967213073,0.0,-0.008130081300813052,0.0,0.017621145374449254,0.01785714285714257,0.013157894736842257,0.008368200836819994,0.003984063745019917,-0.0036363636363635488,-0.0034129692832765013
5/2/2019,0.008264462809917328,0.020746887966804906,0.016460905349794164,0.008196721311475308,0.008368200836819994,0.017316017316017396,0.01754385964912286,0.01298701298701288,0.012448132780082943,0.011904761904761862,0.010948905109488871,0.006849315068493178
5/3/2019,-0.008196721311475419,-0.008130081300813052,-0.01619433198380571,0.0,0.0,-0.008510638297872353,-0.008620689655172376,-0.004273504273504147,-0.004098360655737654,-0.0039215686274508554,-0.0072202166064981865,-0.00340136054421758
5/6/2019,0.004132231404958775,0.0,0.00411522633744843,0.0,-0.008298755186721962,-0.008583690987124526,-0.01304347826086949,-0.012875536480686844,-0.012345679012345734,-0.011811023622047334,-0.0072727272727273196,-0.0068259385665528916
5/7/2019,0.00411522633744843,0.0,-0.004098360655737654,0.0,-0.008368200836820106,-0.012987012987013102,-0.013215859030836885,-0.021739130434782483,-0.02083333333333326,-0.02390438247011939,-0.01831501831501825,-0.01718213058419249
5/8/2019,-0.008196721311475419,-0.004098360655737654,0.0,-0.004065040650406471,0.0,0.00877192982456143,0.008928571428571175,0.013333333333333197,0.012765957446808418,0.01632653061224487,0.011194029850746245,0.010489510489510634
5/9/2019,0.004132231404958775,0.0,0.0,0.004081632653061051,-0.0042194092827004814,-0.017391304347826098,-0.017699115044247593,-0.013157894736842035,-0.01680672268907568,-0.016064257028112428,-0.0073800738007380184,-0.00692041522491349
5/10/2019,-0.004115226337448652,0.0,0.0,-0.004065040650406471,0.0,0.0,0.0045045045045044585,0.004444444444444251,0.012820512820512997,0.008163265306122547,0.003717472118959231,0.006968641114982521
5/13/2019,-0.004132231404958553,-0.004115226337448652,-0.008230452674897082,-0.01224489795918382,-0.016949152542372947,-0.03539823008849541,-0.0358744394618834,-0.03539823008849541,-0.03797468354430389,-0.028340080971660075,-0.0185185185185186,-0.02076124567474047
5/14/2019,0.0,0.0,0.0,0.004132231404958775,0.0,0.00917431192660545,0.009302325581395321,0.00917431192660545,0.00877192982456143,0.008333333333333304,0.007547169811320753,0.010600706713780772
5/15/2019,-0.004149377593361092,-0.004132231404958553,0.004149377593360981,0.0,-0.008620689655172376,-0.018181818181818188,-0.02304147465437778,-0.022727272727272818,-0.021739130434782483,-0.02066115702479332,-0.014981273408239737,-0.013986013986013957
5/16/2019,0.0,0.0,-0.008264462809917328,0.0,0.013043478260869712,0.0185185185185186,0.014150943396226356,0.013953488372093092,0.013333333333333197,0.012658227848101111,0.0076045627376426506,0.007092198581560183
5/17/2019,-0.004166666666666541,-0.004149377593361092,-0.004166666666666541,-0.004115226337448652,0.0,0.0,0.0,-0.004587155963302836,-0.004385964912280604,-0.004166666666666541,-0.007547169811320753,-0.007042253521126751
5/20/2019,0.0,-0.004166666666666541,0.0,0.0,0.0042918454935620964,0.004545454545454408,0.009302325581395321,0.018433179723502224,0.013215859030836885,0.008368200836819994,0.0076045627376426506,0.0035460992907803135
5/21/2019,-0.008368200836820106,-0.004184100418410108,0.0,0.0,0.008547008547008517,0.02262443438914019,0.01382488479262678,0.009049773755656076,0.013043478260869712,0.008298755186721962,0.007547169811320753,0.0035335689045936647
5/22/2019,-0.0042194092827004814,-0.004201680672268782,-0.004184100418410108,-0.004132231404958553,0.004237288135593209,-0.01327433628318575,-0.01363636363636378,-0.017937219730941756,-0.02145922746781126,-0.016460905349794275,-0.011235955056179692,-0.007042253521126751
5/23/2019,0.008474576271186418,0.00421940928270037,-0.004201680672268782,-0.004149377593361092,-0.021097046413502185,-0.049327354260089606,-0.041474654377880116,-0.0365296803652968,-0.0350877192982455,-0.03347280334728031,-0.030303030303030276,-0.024822695035460973
5/24/2019,-0.004201680672268782,0.0,-0.008438818565400852,-0.004166666666666541,0.004310344827586299,0.018867924528301883,0.009615384615384581,0.004739336492891155,0.009090909090909038,0.0043290043290042934,0.00390625,0.0
5/28/2019,-0.008438818565400852,-0.008403361344537785,0.008510638297872353,-0.004184100418410108,-0.008583690987124526,-0.01851851851851849,-0.01904761904761909,-0.028301886792452824,-0.027027027027027084,-0.025862068965517238,-0.01945525291828787,-0.018181818181818077
5/29/2019,0.0,0.0,0.0,0.0,-0.0043290043290044045,-0.014150943396226578,-0.009708737864077666,-0.004854368932038944,0.0,-0.004424778761061843,-0.007936507936507908,-0.0037037037037037646
5/30/2019,0.008510638297872353,0.008474576271186418,0.00421940928270037,0.008403361344537785,-0.004347826086956386,-0.014354066985645786,-0.019607843137254943,-0.009756097560975618,-0.01851851851851849,-0.013333333333333197,-0.016000000000000014,-0.014869888475836479
5/31/2019,-0.008438818565400852,0.0,-0.012605042016806678,-0.02083333333333326,-0.03493449781659397,-0.05339805825242727,-0.050000000000000044,-0.049261083743842304,-0.0424528301886794,-0.03603603603603611,-0.028455284552845517,-0.026415094339622636
6/3/2019,0.004255319148936065,-0.008403361344537785,0.0,-0.017021276595744705,-0.045248868778280604,-0.06666666666666665,-0.05789473684210522,-0.051813471502590636,-0.039408866995073843,-0.032710280373831946,-0.02092050209205032,-0.019379844961240456
6/4/2019,-0.008474576271186418,0.0,0.0,-0.008658008658008698,0.0,0.03296703296703285,0.027932960893854775,0.032786885245901454,0.03076923076923066,0.024154589371980784,0.02991452991453003,0.027667984189723382
6/5/2019,-0.012820512820512775,-0.004237288135593098,0.0,-0.017467248908296984,-0.033175355450236865,-0.02659574468085102,-0.016304347826086918,-0.015873015873015817,-0.004975124378109319,0.0,0.004149377593360981,0.011538461538461497
6/6/2019,0.0043290043290042934,0.0,-0.008510638297872353,-0.013333333333333197,-0.009803921568627416,0.027322404371584508,0.022099447513812098,0.010752688172043001,0.004999999999999893,0.0,0.0,-0.0038022813688212143
6/7/2019,-0.008620689655172376,-0.01276595744680864,-0.02145922746781126,-0.031531531531531654,-0.024752475247524774,-0.015957446808510523,-0.016216216216216273,-0.015957446808510523,-0.01990049751243772,-0.014150943396226578,-0.024793388429752095,-0.019083969465648942
6/10/2019,0.0,-0.004310344827586077,0.004385964912280826,0.027906976744185963,0.030456852791878042,0.027027027027026973,0.027472527472527597,0.03243243243243232,0.030456852791878042,0.028708133971291794,0.025423728813559254,0.01945525291828809
6/11/2019,-0.01304347826086949,-0.0216450216450218,-0.008733624454148492,0.0,0.009852216748768461,0.015789473684210575,0.0,0.005235602094240788,0.0,0.0,0.0,0.0
6/12/2019,-0.03524229074889873,-0.017699115044247593,-0.013215859030836885,-0.004524886877827927,-0.014634146341463317,-0.025906735751295318,-0.021390374331550777,-0.02083333333333337,-0.01477832512315258,-0.009302325581395321,-0.004132231404958553,0.0
6/13/2019,0.022831050228310668,0.0045045045045044585,-0.022321428571428714,-0.00909090909090915,-0.00990099009900991,-0.02659574468085102,-0.02732240437158473,-0.02127659574468077,-0.020000000000000018,-0.014084507042253391,-0.008298755186721962,-0.003816793893129833
6/14/2019,-0.0044642857142858094,-0.008968609865470878,0.004566210045662267,0.0,0.0,0.005464480874316946,0.00561797752808979,0.005434782608695565,0.0,-0.004761904761904856,-0.004184100418410108,-0.007662835249042099
6/17/2019,-0.004484304932735328,0.0,0.013636363636363447,0.00917431192660545,0.014999999999999902,0.010869565217391353,0.005586592178770999,0.0,0.0,0.0,-0.004201680672268782,-0.0038610038610037423
6/18/2019,-0.018018018018018056,-0.004524886877827927,-0.004484304932735328,0.0,0.0049261083743843415,0.0,0.0,-0.010810810810810811,-0.015306122448979553,-0.014354066985645786,-0.012658227848101333,-0.011627906976744318
6/19/2019,-0.01834862385321101,-0.00909090909090915,-0.018018018018018056,-0.040909090909091006,-0.03921568627450989,-0.06451612903225812,-0.05555555555555558,-0.032786885245901676,-0.020725388601036343,-0.01456310679611661,-0.008547008547008517,-0.0039215686274508554
6/20/2019,0.014018691588784993,-0.013761467889908396,-0.01834862385321101,-0.033175355450236865,-0.025510204081632626,-0.011494252873563204,-0.00588235294117645,-0.016949152542372947,-0.01058201058201047,-0.009852216748768461,-0.004310344827586077,-0.003937007874015852
6/21/2019,-0.004608294930875445,0.0046511627906977715,-0.014018691588785215,0.004901960784313708,0.020942408376963373,0.029069767441860517,0.029585798816567976,0.034482758620689724,0.03208556149732611,0.029850746268656803,0.025974025974025983,0.02371541501976293
6/24/2019,-0.01851851851851849,-0.01388888888888895,0.009478672985782088,0.024390243902439046,-0.015384615384615441,-0.02824858757062154,-0.028735632183908066,-0.02777777777777779,-0.025906735751295318,-0.02415458937198056,-0.016877637130801704,-0.015444015444015413
6/25/2019,-0.004716981132075526,-0.004694835680751019,-0.004694835680751019,0.0,0.005208333333333259,-0.005813953488372103,-0.01183431952662728,-0.011428571428571455,-0.010638297872340274,-0.00990099009900991,-0.008583690987124526,-0.007843137254901933
6/26/2019,0.0,0.0,0.014150943396226356,0.00952380952380949,0.015544041450777257,0.03508771929824572,0.041916167664670656,0.040462427745664886,0.032258064516129004,0.02499999999999991,0.017316017316017396,0.015810276679841806
6/27/2019,0.03791469194312791,0.014150943396226356,-0.0046511627906975495,0.0,-0.015306122448979553,-0.016949152542372947,-0.017241379310344862,-0.022222222222222254,-0.02083333333333337,-0.019512195121951237,-0.017021276595744705,-0.01945525291828787
6/28/2019,-0.004566210045662045,0.0,-0.009345794392523366,-0.014150943396226578,-0.005181347150259086,0.005747126436781658,0.0,0.0,-0.005319148936170137,-0.004975124378109319,0.0,0.0
7/1/2019,-0.004587155963302836,0.0046511627906977715,0.04245283018867907,0.004784688995215447,0.01041666666666674,0.017142857142857126,0.01754385964912286,0.017045454545454586,0.016042780748662944,0.014999999999999902,0.01298701298701288,0.011904761904761862
7/2/2019,0.018433179723502224,0.004629629629629539,-0.004524886877827927,-0.004761904761904856,-0.015463917525773252,-0.005617977528089901,-0.017241379310344862,-0.022346368715083775,-0.02631578947368407,-0.024630541871921152,-0.02136752136752129,-0.015686274509803977
7/3/2019,0.018099547511312153,0.01382488479262678,0.004545454545454408,-0.004784688995215225,0.0,0.0,0.0,-0.005714285714285672,-0.010810810810810811,-0.010101010101010055,-0.017467248908296984,-0.015936254980079556
7/5/2019,0.004444444444444251,0.009090909090909038,0.009049773755656076,0.028846153846153966,0.03664921465968596,0.05649717514124308,0.06432748538011701,0.05747126436781613,0.05464480874316924,0.04081632653061229,0.040000000000000036,0.028340080971659853
7/8/2019,-0.01327433628318575,0.009009009009008917,0.013452914798206095,0.0,0.005050505050504972,0.0053475935828875,0.01098901098901095,0.010869565217391353,0.005181347150259086,0.004901960784313708,-0.008547008547008517,-0.003937007874015852
7/9/2019,-0.004484304932735328,0.0,0.0,0.004672897196261516,0.005025125628140614,0.02127659574468077,0.021739130434782483,0.010752688172043001,0.010309278350515427,0.009756097560975618,0.008620689655172376,0.0039525691699606735
7/10/2019,-0.018018018018018056,-0.0267857142857143,-0.0265486725663715,-0.037209302325581395,-0.03500000000000003,-0.05208333333333326,-0.04787234042553179,-0.031914893617021156,-0.015306122448979553,0.0,0.008547008547008517,0.011811023622047223
7/11/2019,-0.004587155963302836,-0.004587155963302836,-0.01363636363636378,0.004830917874396157,0.020725388601036343,0.016483516483516425,0.027932960893854775,0.03296703296703285,0.031088082901554515,0.02898550724637694,0.025423728813559254,0.031128404669260812
7/12/2019,-0.004608294930875445,0.004608294930875667,-0.013824884792626668,-0.004807692307692402,-0.005076142131979711,-0.005405405405405461,-0.016304347826086918,-0.010638297872340274,-0.005025125628140725,-0.004694835680751019,0.0,-0.0037735849056602655
7/15/2019,0.004629629629629539,0.004587155963302614,0.009345794392523477,-0.004830917874396046,-0.005102040816326481,-0.005434782608695676,-0.0055248618784530246,-0.010752688172043001,-0.010101010101010055,-0.014150943396226578,-0.012396694214875992,-0.011363636363636465
7/16/2019,-0.004608294930875445,-0.0091324200913242,-0.004629629629629761,0.0,0.025641025641025772,0.021857923497267784,0.022222222222222143,0.021739130434782483,0.020408163265306145,0.019138755980861344,0.012552301255229992,0.00766283524904221
7/17/2019,-0.01388888888888895,-0.013824884792626668,-0.0046511627906975495,-0.009708737864077666,-0.025000000000000022,-0.021390374331550777,-0.021739130434782594,-0.02659574468085102,-0.030000000000000027,-0.032863849765258135,-0.028925619834710647,-0.02281368821292773
7/18/2019,-0.009389671361502372,-0.009345794392523366,-0.04205607476635531,-0.014705882352941346,-0.02564102564102566,-0.032786885245901676,-0.033333333333333326,-0.02732240437158473,-0.02577319587628868,-0.009708737864077666,-0.004255319148936287,-0.0038910505836574627
7/19/2019,0.0,0.018867924528301883,0.004878048780487809,0.00995024875621886,0.021052631578947434,0.016949152542372836,0.01724137931034475,0.011235955056179803,0.010582010582010692,0.004901960784313708,0.00427350427350448,0.00390625
7/22/2019,0.009478672985782088,0.0,0.014563106796116498,0.024630541871921263,0.005154639175257714,0.0,0.0,0.0,0.005235602094240788,0.0,0.004255319148936065,0.0038910505836575737
7/23/2019,-0.004694835680751019,-0.004629629629629761,-0.014354066985645786,0.004807692307692291,0.01025641025641022,0.016666666666666607,0.011299435028248705,0.016666666666666607,0.01041666666666674,0.014634146341463428,0.008474576271186418,0.011627906976744207
7/24/2019,-0.009433962264150941,-0.0046511627906975495,0.01941747572815533,-0.004784688995215225,0.0050761421319796,0.0,0.0,-0.005464480874316946,-0.005154639175257714,-0.014423076923077094,-0.008403361344537785,-0.011494252873563093
7/25/2019,0.028571428571428692,0.014018691588784993,0.0,0.0,0.005050505050504972,0.016393442622950838,0.022346368715083775,0.016483516483516425,0.010362694300518172,0.014634146341463428,0.008474576271186418,0.007751937984496138
7/26/2019,-0.01388888888888895,-0.009216589861751112,0.00952380952380949,0.009615384615384581,0.005025125628140614,0.0,0.0,0.0,0.0,0.0,0.0,-0.0038461538461539435
7/29/2019,-0.004694835680751019,0.0046511627906977715,0.0,0.0,-0.010000000000000009,-0.005376344086021501,-0.010928961748633892,-0.005405405405405461,-0.01025641025641022,-0.009615384615384581,-0.004201680672268782,0.0
7/30/2019,-0.02358490566037752,-0.02777777777777779,-0.018867924528301883,-0.014285714285714457,-0.005050505050505083,0.0,0.005524861878453136,0.0,0.0,0.0,-0.0042194092827004814,-0.0038610038610037423
7/31/2019,-0.02898550724637683,-0.014285714285714457,0.0,0.01449275362318847,0.015228426395939021,0.021621621621621623,0.01098901098901095,0.0,-0.005181347150259086,-0.01941747572815533,-0.021186440677966045,-0.019379844961240456
8/1/2019,0.04975124378109452,0.0338164251207731,-0.004807692307692402,-0.02857142857142858,-0.06000000000000005,-0.08465608465608465,-0.09239130434782616,-0.08695652173913049,-0.078125,-0.05940594059405946,-0.04329004329004338,-0.035573122529644174
8/2/2019,0.0,-0.009345794392523366,-0.004830917874396046,-0.009803921568627416,-0.015957446808510523,-0.005780346820809301,0.0,-0.011904761904761862,-0.011299435028248594,-0.021052631578947323,-0.02262443438914019,-0.020491803278688492
8/5/2019,-0.018957345971563955,-0.018867924528301883,-0.004854368932038944,-0.014851485148514865,-0.037837837837837895,-0.07558139534883712,-0.0718562874251496,-0.06626506024096379,-0.06857142857142862,-0.05913978494623662,-0.04166666666666685,-0.03765690376569053
8/6/2019,-0.009661835748792313,0.0,0.0,0.005025125628140614,0.011235955056179803,0.0062893081761006275,-0.006451612903225823,-0.012903225806451646,-0.006134969325153228,-0.011428571428571455,-0.019323671497584516,-0.021739130434782483
8/7/2019,-0.014634146341463317,-0.019230769230769273,-0.014634146341463317,-0.025000000000000022,-0.02777777777777779,-0.006249999999999978,-0.019480519480519543,-0.006535947712418277,-0.012345679012345734,-0.011560693641618491,-0.009852216748768461,-0.013333333333333197
8/8/2019,0.034653465346534684,0.014705882352941124,0.0,0.00512820512820511,0.02285714285714291,0.018867924528301883,0.019867549668874274,0.013157894736842035,0.012499999999999956,0.005847953216374213,0.004975124378109541,0.013513513513513375
8/9/2019,-0.019138755980861233,-0.004830917874396046,-0.00990099009900991,-0.005102040816326481,-0.005586592178770999,0.006172839506172645,0.025974025974025983,0.01948051948051943,0.01851851851851838,0.011627906976744207,0.004950495049504955,0.004444444444444251
8/12/2019,0.019512195121951237,0.0,0.0,-0.00512820512820511,-0.016853932584269704,-0.030674846625766805,-0.044303797468354444,-0.05095541401273884,-0.05454545454545445,-0.051724137931034475,-0.054187192118226535,-0.05309734513274322
8/13/2019,-0.019138755980861233,-0.009708737864077666,0.0,0.010309278350515427,0.06285714285714294,0.05063291139240489,0.0596026490066226,0.05369127516778538,0.03846153846153855,0.0181818181818183,0.01041666666666674,0.004672897196261516
8/14/2019,-0.03414634146341455,-0.02941176470588236,-0.020000000000000018,-0.020408163265306145,-0.037634408602150615,-0.04819277108433728,-0.04375000000000007,-0.03821656050955413,-0.04320987654320996,-0.05357142857142849,-0.05154639175257725,-0.05581395348837215
8/15/2019,0.05050505050505061,-0.005050505050505083,-0.025510204081632626,-0.03124999999999989,-0.03910614525139666,-0.06329113924050633,-0.05882352941176472,-0.0596026490066226,-0.05161290322580647,-0.04402515723270439,-0.021739130434782594,-0.024630541871921152
8/16/2019,-0.014423076923077094,-0.010152284263959421,-0.020942408376963262,-0.005376344086021501,-0.005813953488372103,0.0,0.0,0.0,0.013605442176870763,0.019736842105263275,0.011111111111111072,0.015151515151515138
8/19/2019,0.004878048780487809,0.00512820512820511,0.03743315508021383,0.027027027027026973,0.023391812865497075,0.03378378378378377,0.03472222222222232,0.035211267605633756,0.033557046979865834,0.032258064516129004,0.03296703296703285,0.034825870646766344
8/20/2019,-0.004854368932038944,0.0,0.0,-0.0052631578947368585,-0.017142857142857126,-0.019607843137254943,-0.033557046979865834,-0.03401360544217691,-0.032467532467532534,-0.03125,-0.02127659574468077,-0.019230769230769273
8/21/2019,-0.009756097560975618,0.010204081632652962,0.015463917525773141,0.005291005291005346,0.029069767441860517,0.040000000000000036,0.04166666666666674,0.035211267605633756,0.033557046979865834,0.02580645161290329,0.016304347826086918,0.014705882352941124
8/22/2019,0.034482758620689724,0.02020202020202011,0.015228426395939021,0.0052631578947368585,0.011299435028248705,0.03205128205128216,0.020000000000000018,0.020408163265306145,0.012987012987013102,0.018867924528301883,0.016042780748662944,0.019323671497584627
8/23/2019,-0.014285714285714457,0.0,-0.015000000000000013,-0.020942408376963262,-0.033519553072625774,-0.06211180124223603,-0.06535947712418311,-0.06666666666666676,-0.06410256410256421,-0.06172839506172845,-0.042105263157894646,-0.04265402843601884
8/26/2019,0.009661835748792313,0.004950495049504955,0.02030456852791862,0.016042780748662944,0.011560693641618602,0.019867549668874274,0.027972027972027913,0.021428571428571352,0.020547945205479534,0.013157894736842035,0.01098901098901095,0.00990099009900991
8/27/2019,-0.009569377990430672,0.0,-0.01492537313432829,0.021052631578947434,0.011428571428571344,-0.006493506493506551,-0.027210884353741527,-0.020979020979021046,-0.033557046979865834,-0.032467532467532534,-0.03804347826086962,-0.03431372549019607
8/28/2019,0.0,0.0049261083743843415,0.005050505050504972,-0.02577319587628868,-0.016949152542372947,-0.019607843137254943,-0.006993006993006978,-0.02142857142857124,-0.01388888888888895,-0.01342281879194629,-0.005649717514124353,-0.015228426395939132
8/29/2019,0.01449275362318847,-0.004901960784313819,0.0,0.0,0.005747126436781658,0.020000000000000018,0.014084507042253502,0.021897810218977964,0.028169014084507005,0.020408163265306145,0.011363636363636465,0.015463917525773141
8/30/2019,0.0,0.0049261083743843415,0.0,0.0,0.005714285714285783,-0.019607843137254943,-0.01388888888888895,-0.0071428571428571175,-0.006849315068493178,0.0,0.0,-0.005076142131979711
9/3/2019,-0.01904761904761909,-0.014705882352941346,-0.005025125628140725,-0.005291005291005346,-0.022727272727272707,-0.020000000000000018,-0.028169014084507116,-0.028776978417266008,-0.020689655172413834,-0.020000000000000018,-0.005617977528089901,-0.005102040816326481
9/4/2019,-0.004854368932038944,0.004975124378109541,-0.005050505050505083,-0.005319148936170137,-0.01744186046511631,-0.027210884353741527,-0.014492753623188248,-0.022222222222222254,-0.014084507042253502,0.0,0.0,0.01025641025641022
9/5/2019,0.0,-0.004950495049505066,0.0,0.0053475935828875,0.02366863905325456,0.08391608391608396,0.0808823529411764,0.08333333333333326,0.07857142857142874,0.06802721088435382,0.05084745762711873,0.045685279187817285
9/6/2019,0.0,-0.004975124378109319,-0.005076142131979711,0.0,0.0,-0.012903225806451646,-0.006802721088435382,-0.006993006993006978,-0.0066225165562914245,-0.01273885350318471,-0.016129032258064502,-0.01941747572815533
9/9/2019,-0.004878048780487698,-0.0050000000000000044,0.0,-0.005319148936170137,0.005780346820809301,0.03267973856209161,0.041095890410958846,0.04929577464788748,0.046666666666666634,0.05161290322580636,0.043715846994535346,0.044554455445544594
9/10/2019,0.0,0.0,-0.005102040816326481,0.010695187165775222,0.04022988505747138,0.056962025316455556,0.0592105263157896,0.06040268456375841,0.0573248407643312,0.05521472392638049,0.04712041884816753,0.03791469194312791
9/11/2019,-0.014705882352941346,-0.01005025125628145,0.00512820512820511,-0.005291005291005346,-0.011049723756906049,0.0059880239520957446,0.006211180124223503,0.012658227848101333,0.012048192771084265,0.01744186046511631,0.010000000000000009,0.013698630136986356
9/12/2019,-0.00995024875621886,0.0,-0.005102040816326481,0.010638297872340496,0.016759776536312776,0.023809523809523725,0.030864197530864113,0.031249999999999778,0.023809523809523725,0.02285714285714291,0.01980198019801982,0.0
9/13/2019,0.0,0.0050761421319796,0.00512820512820511,0.010526315789473717,0.03296703296703285,0.04069767441860472,0.05389221556886237,0.06060606060606055,0.06395348837209314,0.06145251396648033,0.05339805825242716,0.06756756756756754
9/16/2019,0.045226130653266416,0.02020202020202011,0.015306122448979664,0.005208333333333259,-0.010638297872340274,-0.027932960893854775,-0.02840909090909094,-0.034285714285714364,-0.032786885245901676,-0.03157894736842093,-0.027649769585253448,-0.025316455696202556
9/17/2019,0.009615384615384581,0.01980198019801982,0.0,0.0,0.005376344086021501,-0.011494252873563204,-0.01754385964912286,-0.017751479289940808,-0.011299435028248594,-0.016304347826086918,-0.01421800947867291,-0.017316017316017285
9/18/2019,-0.07619047619047625,-0.06310679611650494,-0.02010050251256279,-0.010362694300518172,0.0,0.029069767441860517,0.023809523809523725,0.012048192771084265,0.005714285714285783,-0.0055248618784530246,-0.009615384615384581,-0.008810572687224627
9/19/2019,0.036082474226803996,0.031088082901554515,-0.01025641025641022,0.005235602094240788,0.0053475935828875,-0.016949152542372947,-0.023255813953488413,-0.011904761904761862,-0.017045454545454586,-0.005555555555555536,-0.009708737864077666,-0.013333333333333197
9/20/2019,-0.02985074626865658,-0.025125628140703515,-0.010362694300518172,-0.00520833333333337,-0.02127659574468077,-0.028735632183908066,-0.029761904761904767,-0.030120481927710774,-0.028901734104046284,-0.027932960893854775,-0.02450980392156865,-0.022522522522522626
9/23/2019,-0.00512820512820511,0.0,0.015706806282722585,0.010471204188481575,-0.016304347826086918,-0.00591715976331364,-0.012269938650306678,-0.012422360248447228,-0.017857142857142905,-0.011494252873563204,-0.005025125628140725,-0.004608294930875445
9/24/2019,-0.020618556701030966,-0.020618556701030966,-0.010309278350515427,-0.010362694300518172,-0.016574585635359185,-0.04761904761904756,-0.049689440993788914,-0.04402515723270439,-0.042424242424242364,-0.04651162790697683,-0.03535353535353536,-0.03240740740740755
9/25/2019,-0.05263157894736836,-0.021052631578947323,-0.015625,-0.005235602094240788,0.022471910112359605,0.04999999999999982,0.05228758169934644,0.05263157894736836,0.05063291139240489,0.054878048780487854,0.041884816753926746,0.04306220095693791
9/26/2019,0.061111111111111116,0.021505376344086002,-0.03174603174603163,-0.010526315789473717,-0.016483516483516536,-0.011904761904761862,0.0,-0.006249999999999978,-0.0060240963855421326,-0.017341040462427793,-0.015075376884422176,-0.013761467889908396
9/27/2019,-0.005235602094240788,-0.021052631578947323,-0.016393442622950838,-0.015957446808510523,-0.027932960893854775,-0.01807228915662651,-0.018633540372670843,-0.018867924528301883,-0.018181818181818077,-0.00588235294117645,-0.005102040816326481,-0.009302325581395321
9/30/2019,0.0052631578947368585,0.005376344086021501,0.04444444444444429,-0.010810810810810811,0.005747126436781658,0.0,-0.012658227848101222,-0.0064102564102563875,0.0,-0.00591715976331364,-0.00512820512820511,-0.004694835680751019
10/1/2019,-0.06282722513089001,-0.053475935828877,-0.031914893617021156,-0.010928961748633892,-0.011428571428571455,-0.04294478527607348,-0.03205128205128205,-0.02580645161290329,-0.01851851851851849,-0.017857142857142905,-0.005154639175257714,-0.004716981132075526
10/2/2019,-0.022346368715083775,-0.011299435028248594,-0.016483516483516536,-0.03314917127071826,-0.034682080924855474,-0.05128205128205132,-0.052980132450331174,-0.052980132450331174,-0.037735849056603765,-0.030303030303030165,-0.015544041450777257,-0.009478672985781977
10/3/2019,0.017142857142857126,0.0,-0.05027932960893855,-0.05142857142857149,-0.053892215568862145,-0.060810810810810856,-0.0629370629370628,-0.0629370629370628,-0.05228758169934644,-0.03749999999999998,-0.02631578947368407,-0.023923444976076458
10/4/2019,-0.028089887640449507,-0.005714285714285672,0.00588235294117645,-0.0060240963855421326,0.0,0.007194244604316502,0.00746268656716409,0.0,-0.01379310344827589,-0.012987012987012991,-0.021621621621621623,-0.014705882352941346
10/7/2019,0.01734104046242768,0.011494252873563315,0.023391812865497075,0.048484848484848575,0.03797468354430378,0.04285714285714293,0.04444444444444429,0.02985074626865658,0.027972027972027913,0.026315789473684292,0.022099447513812098,0.01990049751243772
10/8/2019,-0.03977272727272729,-0.022727272727272707,-0.017142857142857126,-0.023121387283236983,-0.012195121951219412,-0.0273972602739726,-0.021276595744680882,-0.014492753623188248,-0.013605442176870763,-0.012820512820512886,-0.005405405405405461,-0.004878048780487698
10/9/2019,0.0,-0.011627906976744207,-0.01744186046511631,0.0,-0.01851851851851849,0.035211267605633756,0.03623188405797095,0.02941176470588225,0.034482758620689724,0.032467532467532534,0.021739130434782483,0.019607843137254832
10/10/2019,0.029585798816567976,0.00588235294117645,-0.00591715976331364,-0.00591715976331364,0.025157232704402288,0.04081632653061229,0.04195804195804209,0.05714285714285716,0.046666666666666634,0.05031446540880502,0.042553191489361764,0.03846153846153855
10/11/2019,0.011494252873563315,0.01754385964912286,0.0,0.0,0.024539877300613577,0.065359477124183,0.0738255033557047,0.07432432432432434,0.07006369426751591,0.05389221556886237,0.04081632653061229,0.0277777777777779
10/15/2019,-0.011363636363636354,-0.011494252873563204,-0.005952380952380931,-0.005952380952380931,-0.0119760479041916,-0.012269938650306678,0.0,0.0,0.0,0.005681818181818121,0.009803921568627416,0.0045045045045044585
10/16/2019,-0.017241379310344862,-0.023255813953488413,-0.005988023952095856,-0.017964071856287456,-0.036363636363636265,-0.018633540372670843,-0.018750000000000044,-0.012578616352201255,-0.017857142857142905,-0.011299435028248594,-0.004854368932038944,0.0
10/17/2019,0.01754385964912286,0.011904761904761862,0.0,-0.0060975609756097615,0.0,0.012658227848101333,0.0,0.0,0.0060606060606061,0.005714285714285783,0.0,0.004484304932735439
10/18/2019,0.005747126436781658,-0.00588235294117645,0.0,0.0,-0.0062893081761006275,-0.012499999999999956,-0.006369426751592355,-0.006369426751592355,0.0,0.0,0.004878048780487809,0.004464285714285587
10/21/2019,0.005714285714285783,0.00591715976331364,0.006024096385542244,0.012269938650306678,0.006329113924050667,0.025316455696202445,0.019230769230769162,0.03205128205128216,0.024096385542168752,0.022727272727272707,0.01941747572815533,0.013333333333333197
10/22/2019,-0.005681818181818232,-0.00588235294117645,-0.0119760479041916,-0.0060606060606061,0.0,-0.012345679012345734,0.0,-0.006211180124223614,-0.0117647058823529,-0.011111111111111072,-0.014285714285714457,-0.00877192982456143
10/23/2019,-0.005714285714285672,0.0,0.0,0.0,-0.0062893081761006275,-0.012499999999999956,-0.0062893081761006275,-0.012499999999999956,-0.005952380952380931,-0.005617977528089901,-0.004830917874396046,-0.004424778761061843
10/24/2019,0.005747126436781658,0.02366863905325456,0.0121212121212122,0.0060975609756097615,0.006329113924050667,0.0,0.0,0.0,0.0,0.0,0.009708737864077666,0.004444444444444251
10/25/2019,-0.011428571428571455,-0.005780346820809301,-0.005988023952095856,0.0060606060606061,0.0062893081761006275,0.03164556962025311,0.025316455696202445,0.025316455696202445,0.0239520958083832,0.016949152542372836,0.009615384615384581,0.013274336283185972
10/28/2019,0.005780346820809301,-0.005813953488372103,-0.0060240963855421326,-0.0060240963855421326,0.0,0.006134969325153339,0.01851851851851838,0.024691358024691246,0.023391812865497075,0.0277777777777779,0.028571428571428692,0.02183406113537112
10/29/2019,-0.04597701149425293,-0.023391812865497075,-0.012121212121212088,-0.0060606060606061,-0.006249999999999978,0.0,0.0,0.0,-0.005714285714285672,-0.005405405405405461,-0.004629629629629761,-0.004273504273504147
10/30/2019,-0.030120481927710774,-0.041916167664670545,-0.006134969325153228,-0.012195121951219412,0.0,-0.018292682926829174,-0.030303030303030165,-0.030120481927710774,-0.028735632183908066,-0.03260869565217395,-0.03255813953488362,-0.030042918454935785
10/31/2019,-0.012422360248447228,-0.006249999999999978,-0.04938271604938271,-0.030864197530864224,-0.037735849056603765,-0.05590062111801242,-0.050000000000000044,-0.06211180124223603,-0.053254437869822424,-0.050561797752809,-0.03846153846153855,-0.03982300884955747
11/1/2019,-0.0062893081761006275,-0.0062893081761006275,-0.012987012987012991,-0.01273885350318471,0.0,0.026315789473684292,0.019736842105263275,0.026490066225165476,0.018749999999999822,0.02366863905325456,0.014999999999999902,0.018433179723502224
11/4/2019,0.0,-0.006329113924050667,0.006578947368421018,0.012903225806451646,0.019607843137254832,0.025641025641025772,0.02580645161290329,0.032258064516129004,0.036809815950920255,0.034682080924855585,0.034482758620689724,0.02714932126696845
11/5/2019,-0.012658227848101222,0.0,0.019607843137254832,0.006369426751592355,0.03846153846153855,0.018749999999999822,0.025157232704402288,0.03749999999999987,0.047337278106508895,0.03910614525139677,0.033333333333333215,0.03083700440528636
11/6/2019,-0.0064102564102563875,-0.006369426751592355,0.0,-0.006329113924050667,-0.024691358024691357,-0.012269938650306678,-0.018404907975460016,-0.01807228915662651,-0.02259887005649719,-0.026881720430107503,-0.018433179723502335,-0.017094017094017144
11/7/2019,0.012903225806451646,0.0064102564102563875,0.0,0.006369426751592355,0.0,0.04347826086956519,0.0625,0.06748466257668717,0.06358381502890187,0.06077348066298338,0.05164319248826299,0.04347826086956519
11/8/2019,-0.006369426751592355,-0.006369426751592355,-0.0064102564102563875,0.0,0.0,0.0,0.0,0.0,0.010869565217391353,0.01041666666666674,0.013392857142856984,0.012500000000000178
11/12/2019,0.0,0.0,0.02580645161290329,0.006329113924050667,0.0,-0.011904761904761862,-0.00588235294117645,-0.005747126436781658,-0.010752688172043001,-0.010309278350515427,-0.013215859030836885,-0.016460905349794275
11/13/2019,0.0,0.0064102564102563875,-0.012578616352201255,0.0,-0.006329113924050667,-0.01807228915662651,-0.023668639053254448,-0.023121387283236983,-0.02717391304347827,-0.02083333333333337,-0.017857142857142905,-0.012552301255230214
11/14/2019,0.019230769230769162,0.0,0.0,-0.0062893081761006275,-0.01273885350318471,-0.030674846625766805,-0.036363636363636265,-0.03550295857988173,-0.033519553072625774,-0.031914893617021156,-0.022727272727272818,-0.021186440677966045
11/15/2019,0.0,-0.006369426751592355,0.0,0.006329113924050667,-0.006451612903225823,0.018987341772152,0.012578616352201255,0.012269938650306678,0.011560693641618602,0.01098901098901095,0.0046511627906977715,0.0
11/18/2019,0.0,0.0064102564102563875,0.0,-0.0062893081761006275,0.0,-0.006211180124223614,-0.012422360248447228,-0.012121212121212088,-0.011428571428571455,-0.016304347826086918,-0.0092592592592593,-0.0043290043290044045
11/19/2019,-0.0062893081761006275,0.0,0.0,0.0,0.0,0.0,0.0,0.0,-0.011560693641618491,-0.011049723756906049,-0.014018691588785215,-0.017391304347826098
11/20/2019,-0.006329113924050667,-0.006369426751592355,0.0,0.0,0.0,-0.025000000000000022,-0.02515723270440251,-0.030674846625766805,-0.0292397660818714,-0.033519553072625774,-0.028436018957346043,-0.0265486725663715
11/21/2019,0.0,0.0064102564102563875,0.006369426751592355,0.006329113924050667,0.006493506493506551,0.025641025641025772,0.02580645161290329,0.025316455696202445,0.030120481927710774,0.023121387283236983,0.019512195121951237,0.0181818181818183
11/22/2019,0.006369426751592355,0.01273885350318471,0.0,0.0,0.006451612903225712,0.006250000000000089,0.0062893081761006275,0.0,0.0,0.0,-0.004784688995215225,-0.008928571428571397
11/25/2019,0.012658227848101333,0.0062893081761006275,0.018987341772152,0.012578616352201255,0.012820512820512775,0.0,0.0,0.0,0.0,-0.005649717514124353,-0.004807692307692402,-0.0045045045045045695
11/26/2019,0.018749999999999822,0.006250000000000089,-0.006211180124223614,0.006211180124223503,0.006329113924050667,-0.018633540372670843,-0.012499999999999956,-0.024691358024691357,-0.01754385964912286,-0.011363636363636354,-0.01449275362318836,-0.013574660633484115
11/27/2019,0.012269938650306678,-0.006211180124223614,0.012499999999999956,0.006172839506172645,0.0062893081761006275,0.03164556962025311,0.018987341772152,0.03164556962025311,0.017857142857142794,0.01724137931034475,0.009803921568627416,0.004587155963302614
11/29/2019,-0.018181818181818077,0.0,-0.01851851851851849,0.0,0.0,-0.012269938650306678,0.0,-0.006134969325153228,0.011695906432748648,0.005649717514124353,0.004854368932038833,0.009132420091324311
12/2/2019,-0.012345679012345734,-0.012499999999999956,0.0062893081761006275,-0.006134969325153228,0.0,0.0,0.012422360248447006,0.01851851851851838,0.023121387283236983,0.028089887640449396,0.03864734299516903,0.03167420814479627
12/3/2019,-0.025000000000000022,-0.025316455696202556,-0.018750000000000044,-0.030864197530864224,-0.018750000000000044,-0.049689440993788914,-0.05521472392638027,-0.06666666666666654,-0.06779661016949157,-0.060109289617486406,-0.05581395348837215,-0.04824561403508765
12/4/2019,0.019230769230769162,0.0,-0.01273885350318471,-0.006369426751592355,-0.006369426751592355,0.03267973856209161,0.025974025974025983,0.038961038961039085,0.036363636363636376,0.029069767441860517,0.024630541871921263,0.023041474654378113
12/5/2019,-0.04402515723270439,0.012987012987013102,-0.006451612903225823,-0.0064102564102563875,0.0,0.0,0.012658227848101333,0.012499999999999956,0.011695906432748648,0.016949152542372836,0.014423076923076872,0.009009009009008917
12/6/2019,0.0,-0.0064102564102563875,-0.006493506493506551,0.006451612903225712,0.0064102564102563875,0.018987341772152,0.02499999999999991,0.030864197530864113,0.028901734104046284,0.022222222222222143,0.014218009478673022,0.02232142857142838
12/9/2019,0.013157894736842035,-0.006451612903225823,0.006535947712418277,0.012820512820512775,-0.006369426751592355,0.012422360248447006,-0.0060975609756097615,0.0,-0.005617977528089901,-0.005434782608695676,-0.004672897196261738,-0.008733624454148492
12/10/2019,-0.006493506493506551,0.006493506493506551,0.012987012987013102,-0.006329113924050667,0.0,0.012269938650306678,0.024539877300613577,0.0059880239520957446,0.005649717514124353,0.010928961748633892,-0.004694835680751019,-0.00440528634361248
12/11/2019,0.006535947712418277,0.006451612903225712,0.0064102564102563875,0.006369426751592355,-0.0064102564102563875,-0.024242424242424176,-0.029940119760478945,-0.023809523809523836,-0.022471910112359605,-0.032432432432432434,-0.018867924528301883,-0.01327433628318575
12/12/2019,0.01948051948051943,0.0064102564102563875,-0.006369426751592355,-0.006329113924050667,0.0,0.03105590062111796,0.043209876543209846,0.054878048780487854,0.05747126436781613,0.06145251396648033,0.04807692307692313,0.04035874439461873
12/13/2019,-0.01273885350318471,0.0,0.0064102564102563875,-0.006369426751592355,-0.006451612903225823,-0.030120481927710774,-0.041420118343195145,-0.040462427745664775,-0.0434782608695653,-0.042105263157894646,-0.03211009174311941,-0.025862068965517238
12/16/2019,0.012903225806451646,0.0,0.0,0.012820512820512775,0.0,0.024844720496894235,0.030864197530864113,0.03614457831325302,0.03409090909090917,0.038461538461538325,0.028436018957346043,0.017699115044247815
12/17/2019,-0.006369426751592355,-0.006369426751592355,-0.006369426751592355,0.0,-0.006493506493506551,-0.012121212121212088,-0.005988023952095856,-0.005813953488372103,0.0,0.0,0.004608294930875667,0.004347826086956719
12/18/2019,0.0,0.0064102564102563875,0.0,0.0,0.006535947712418277,0.0,0.006024096385542244,0.01754385964912286,0.0219780219780219,0.015873015873015817,0.01834862385321112,0.017316017316017396
12/19/2019,-0.012820512820512886,0.006369426751592355,0.0064102564102563875,-0.006329113924050667,-0.012987012987012991,-0.006134969325153228,-0.0119760479041916,-0.005747126436781658,-0.010752688172043001,0.0,-0.0045045045045045695,0.0
12/20/2019,0.01948051948051943,0.006329113924050667,0.006369426751592355,0.006369426751592355,0.0,0.006172839506172645,0.0121212121212122,0.0,0.0,0.0,0.0,-0.004255319148936287
12/23/2019,0.0,-0.012578616352201255,0.006329113924050667,0.012658227848101333,0.006578947368421018,0.006134969325153339,0.0,0.011560693641618602,0.010869565217391353,0.005208333333333259,0.00452488687782826,0.00427350427350448
12/24/2019,-0.01273885350318471,0.006369426751592355,-0.0062893081761006275,0.006250000000000089,0.0,-0.012195121951219412,-0.017964071856287456,-0.017142857142857126,-0.016129032258064502,-0.015544041450777257,-0.009009009009009028,-0.008510638297872353
12/26/2019,0.02580645161290329,0.012658227848101333,0.0,0.0,0.0,0.012345679012345512,0.0060975609756097615,0.0,0.010928961748633892,0.0,-0.00454545454545463,0.0
12/27/2019,-0.018867924528301883,-0.025000000000000022,-0.006329113924050667,-0.012422360248447228,-0.013071895424836666,-0.030487804878048697,-0.030303030303030165,-0.023255813953488413,-0.027027027027027084,-0.010526315789473717,-0.004566210045662045,-0.0042918454935623185
12/30/2019,-0.03205128205128205,-0.019230769230769273,0.0,0.0062893081761006275,0.039735099337748325,-0.0062893081761006275,-0.006249999999999978,0.0,0.005555555555555536,0.010638297872340496,0.013761467889908063,0.008620689655172376
12/31/2019,-0.019867549668874163,-0.013071895424836666,-0.01273885350318471,0.0,0.01273885350318471,0.0,0.018867924528301883,0.005952380952380931,0.011049723756906049,0.010526315789473717,0.018099547511312153,0.021367521367521514
