"Burrito","Neighborhood","Yelp","Google","Chips","Cost","Hunger","Mass","Density","Length","Circum","Volume","Tortilla","Temp","Meat","Fillings","Meat_filling","Uniformity","Salsa","Synergy","Wrap","overall","Beef","Pico","Guac","Cheese","Fries","Sour_cream","Pork","Chicken","Shrimp","Fish","Rice","Beans","Lettuce","Tomato","Bell_peper","Carrots","Cabbage","Sauce","Salsa_1","Cilantro","Onion","Taquito","Pineapple","Ham","Chile_relleno","Nopales","Lobster","Egg","Mushroom","Bacon","Avocado","Corn","Zucchini","Month"
"California ","Miramar",3.5,4.2,0,6.49,3,546.181818181818,0.675277359895455,20.0729880478088,22.0989959839357,0.785461847389558,3,5,3,3.5,4,4,4,4,4,3.8,1,1,1,1,1,0,0,0,0,0,0,0,0,0,0,0,0,0,0,0,0,0,0,0,0,0,0,0,0,0,0,0,0,1
"California ","San Marcos",3.5,3.3,0,5.45,3.5,546.181818181818,0.675277359895455,20.0729880478088,22.0989959839357,0.785461847389558,2,3.5,2.5,2.5,2,4,3.5,2.5,5,3,1,1,1,1,1,0,0,0,0,0,0,0,0,0,0,0,0,0,0,0,0,0,0,0,0,0,0,0,0,0,0,0,0,1
"Carnitas","San Marcos",3.89878048780488,4.17439024390244,0,4.85,1.5,546.181818181818,0.675277359895455,20.0729880478088,22.0989959839357,0.785461847389558,3,2,2.5,3,4.5,4,3,3,5,3,0,1,1,0,0,0,1,0,0,0,0,0,0,0,0,0,0,0,0,0,0,0,0,0,0,0,0,0,0,0,0,0,0,1
"Carne asada","San Marcos",3.89878048780488,4.17439024390244,0,5.25,2,546.181818181818,0.675277359895455,20.0729880478088,22.0989959839357,0.785461847389558,3,2,3.5,3,4,5,4,4,5,3.75,1,1,1,0,0,0,0,0,0,0,0,0,0,0,0,0,0,0,0,0,0,0,0,0,0,0,0,0,0,0,0,0,0,1
"California","Carlsbad",4,3.8,1,6.59,4,546.181818181818,0.675277359895455,20.0729880478088,22.0989959839357,0.785461847389558,4,5,4,3.5,4.5,5,2.5,4.5,4,4.2,1,1,0,1,1,0,0,0,0,0,0,0,0,0,0,0,0,0,0,0,0,0,0,0,0,0,0,0,0,0,0,0,0,1
"combo chicken","Carlsbad",3.89878048780488,4.17439024390244,0,6.99,4,546.181818181818,0.675277359895455,20.0729880478088,22.0989959839357,0.785461847389558,3,4,5,3.5,2.5,2.5,2.5,4,1,3.2,0,0,1,1,0,1,0,1,0,0,1,1,1,1,0,0,0,0,0,0,0,0,0,0,0,0,0,0,0,0,0,0,0,1
"California","Carmel Valley",3,2.9,0,7.19,1.5,546.181818181818,0.675277359895455,20.0729880478088,22.0989959839357,0.785461847389558,2,3,3,2,2.5,2.5,3.34848484848485,2,3,2.6,1,0,0,1,1,1,0,0,0,0,0,0,0,0,0,0,0,0,0,0,0,0,0,0,0,0,0,0,0,0,0,0,0,1
"Carnitas","Carmel Valley",3.89878048780488,4.17439024390244,0,6.99,4,546.181818181818,0.675277359895455,20.0729880478088,22.0989959839357,0.785461847389558,2.5,3,3,2.5,3,3.5,3.34848484848485,2.5,3,3,0,1,1,0,0,0,1,0,0,0,0,0,0,0,0,0,0,0,0,0,0,0,0,0,0,0,0,0,0,0,0,0,0,1
"Monster California","UTC",3,3.7,1,9.25,3.5,546.181818181818,0.675277359895455,20.0729880478088,22.0989959839357,0.785461847389558,2,4.5,4.5,3.5,1.5,3,3.5,4,2,3.9,1,1,1,1,1,1,0,0,0,0,0,0,0,0,0,0,0,0,0,0,0,0,0,0,0,0,0,0,0,0,0,0,0,2
"Carne Asada","Morena",4,4.1,0,6.25,3.5,546.181818181818,0.675277359895455,20.0729880478088,22.0989959839357,0.785461847389558,2.5,1.5,1.5,3,4.5,3,1.5,2,4.5,2,1,1,1,0,0,0,0,0,0,0,0,0,0,0,0,0,0,0,0,0,0,0,0,0,0,0,0,0,0,0,0,0,0,2
"Surf & Turf","Morena",3.89878048780488,4.17439024390244,0,9.5,2,546.181818181818,0.675277359895455,20.0729880478088,22.0989959839357,0.785461847389558,2.5,2.5,2.75,2.5,2.5,2,0.5,3,3.5,2.5,1,0,1,0,0,0,0,0,1,0,1,0,0,0,1,0,0,0,0,0,0,0,0,0,0,0,0,0,0,0,0,0,0,2
"Chile verde pork","Miramar",3,4.1,1,6.95,2,546.181818181818,0.675277359895455,20.0729880478088,22.0989959839357,0.785461847389558,3,4,4,3,4,4,1,2,1,3,0,1,0,0,1,0,1,0,0,0,1,1,0,0,0,1,0,0,0,0,0,0,0,0,0,0,0,0,0,0,0,0,0,2
"California","Miramar",3.89878048780488,4.17439024390244,0,6.25,3.5,546.181818181818,0.675277359895455,20.0729880478088,22.0989959839357,0.785461847389558,3,3.5,3.5,4,2,3.5,1,4,4,3.9,1,1,0,1,1,0,0,0,0,0,0,0,0,0,0,0,0,0,0,0,0,0,0,0,0,0,0,0,0,0,0,0,0,2
"battered fish ","Miramar",3.89878048780488,4.17439024390244,0,6.99,3,546.181818181818,0.675277359895455,20.0729880478088,22.0989959839357,0.785461847389558,3,1,1.5,2.5,4,4,3,4.5,5,2,0,0,0,0,0,0,0,0,0,1,0,0,0,0,0,0,1,1,0,0,0,0,0,0,0,0,0,0,0,0,0,0,0,2
"California","Miramar",3.89878048780488,4.17439024390244,0,6.25,3,546.181818181818,0.675277359895455,20.0729880478088,22.0989959839357,0.785461847389558,4,3.74109589041096,2,2,4,4,3.34848484848485,3,4,2.75,1,1,0,1,1,0,0,0,0,0,0,0,0,0,0,0,0,0,0,0,0,0,0,0,0,0,0,0,0,0,0,0,0,2
"California","La Jolla",4.5,4.4,0,7.49,4,546.181818181818,0.675277359895455,20.0729880478088,22.0989959839357,0.785461847389558,3,2.5,4,4,3.5,2.5,3.5,5,4.5,4.2,1,1,1,1,1,1,0,0,0,0,0,0,0,0,0,0,0,0,0,0,0,0,0,0,0,0,0,0,0,0,0,0,0,2
"Surf and turf ","La Jolla",3.89878048780488,4.17439024390244,0,8.49,2.5,546.181818181818,0.675277359895455,20.0729880478088,22.0989959839357,0.785461847389558,4,4,4.5,4,5,4.5,3.5,4,2,4.1,1,1,1,0,0,0,0,0,1,0,0,0,0,0,0,0,1,0,0,0,0,0,0,0,0,0,0,0,0,0,0,0,0,2
"Adobada ","Bonita",4,4.5,0,5.99,3,546.181818181818,0.675277359895455,20.0729880478088,22.0989959839357,0.785461847389558,4,4,3,3.5,4,4.5,4,4,4.5,4,0,0,0,0,0,0,1,0,0,0,0,1,0,0,0,0,0,0,1,1,1,0,0,0,0,0,0,0,0,0,0,0,0,2
"Barbacoa","Bonita",3.89878048780488,4.17439024390244,0,5.99,2,546.181818181818,0.675277359895455,20.0729880478088,22.0989959839357,0.785461847389558,3.5,4,3.5,3.52754569190601,4,3.42232375979112,4,4,1.5,4,1,0,0,0,0,0,0,0,0,0,0,0,0,0,0,0,0,0,0,1,1,0,0,0,0,0,0,0,0,0,0,0,0,2
"California","La Jolla",2.5,4,0,6.4,4,546.181818181818,0.675277359895455,20.0729880478088,22.0989959839357,0.785461847389558,3,4,2.75,3,4,2,2,3.57637075718016,5,3,1,1,0,0,1,0,0,0,0,0,0,0,0,0,0,0,0,0,0,0,0,0,0,0,0,0,0,0,0,0,0,0,0,2
"California","La Jolla",3.89878048780488,4.17439024390244,0,6.4,2.5,546.181818181818,0.675277359895455,20.0729880478088,22.0989959839357,0.785461847389558,3.5,3,3,3,4,4,1.5,3.57637075718016,4.5,3.5,1,1,0,0,1,0,0,0,0,0,0,0,0,0,0,0,0,0,0,0,0,0,0,0,0,0,0,0,0,0,0,0,0,2
"2 in 1","Kearny Mesa",4,4.4,0,8.75,3.5,546.181818181818,0.675277359895455,20.0729880478088,22.0989959839357,0.785461847389558,1.5,2,3,3.5,4,1,3.5,4.5,4,4,1,0,1,1,0,0,0,0,0,0,0,0,0,0,0,0,0,0,0,0,0,1,0,0,0,0,0,0,0,0,0,0,0,2
"Adobado","Kearny Mesa",3.89878048780488,4.17439024390244,0,5.5,2.5,546.181818181818,0.675277359895455,20.0729880478088,22.0989959839357,0.785461847389558,1.5,2.5,3.5,3,4,1.5,2.5,3.5,4.5,3.5,0,1,1,0,0,0,1,0,0,0,0,0,0,0,0,0,0,0,0,0,0,0,0,0,0,0,0,0,0,0,0,0,0,2
"California","Kearny Mesa",3.89878048780488,4.17439024390244,0,7.49,2.5,546.181818181818,0.675277359895455,20.0729880478088,22.0989959839357,0.785461847389558,4,3,4,4,4,4,4,4,3,4.6,1,1,1,1,1,1,0,0,0,0,0,0,0,0,0,0,0,0,0,0,0,0,0,0,0,0,0,0,0,0,0,0,0,2
"California","Kearny Mesa",3.89878048780488,4.17439024390244,0,7.49,2.5,546.181818181818,0.675277359895455,20.0729880478088,22.0989959839357,0.785461847389558,3,2,4.5,4,4,3.5,3,4.5,4.5,4.5,1,1,1,1,1,1,0,0,0,0,0,0,0,0,0,0,0,0,0,0,0,0,0,0,0,0,0,0,0,0,0,0,0,2
"Shredded beef","Carlsbad",4.5,4.9,0,6,3.5,546.181818181818,0.675277359895455,20.0729880478088,22.0989959839357,0.785461847389558,2.5,2.5,3,4,4,4,3,3.5,1.5,3.8,1,1,0,1,0,0,0,0,0,0,0,1,0,0,0,0,0,0,0,0,0,0,0,0,0,0,0,0,0,0,0,0,0,2
"Carne asada","Carlsbad",3.89878048780488,4.17439024390244,0,7,3.5,546.181818181818,0.675277359895455,20.0729880478088,22.0989959839357,0.785461847389558,2.5,3,3,4,2,2,3,3.5,3.5,3,1,1,1,1,0,0,0,0,0,0,0,1,0,0,0,0,0,0,0,0,0,0,0,0,0,0,0,0,0,0,0,0,0,2
"Hawaiian","North park",4,4.2,0,6.29,3.5,546.181818181818,0.675277359895455,20.0729880478088,22.0989959839357,0.785461847389558,3.5,5,4,4,3.5,4.5,3.5,3.5,4,4,0,0,0,1,0,0,1,0,0,0,0,0,0,0,0,0,0,0,0,0,0,0,1,1,0,0,0,0,0,0,0,0,0,3
"Bandido","North park",3.89878048780488,4.17439024390244,0,6.49,4.5,546.181818181818,0.675277359895455,20.0729880478088,22.0989959839357,0.785461847389558,3,5,4,4,5,4,2.5,4.5,4,4,1,0,0,0,0,0,0,0,0,0,1,1,0,0,0,0,0,1,0,0,0,0,0,0,1,0,0,0,0,0,0,0,0,3
"Bandido","North park",3.89878048780488,4.17439024390244,0,6.49,4.5,546.181818181818,0.675277359895455,20.0729880478088,22.0989959839357,0.785461847389558,3,4.5,3.5,3.5,3.5,3,3,3,4,3,1,0,0,0,0,0,0,0,0,0,1,1,0,0,0,0,0,1,0,0,0,0,0,0,1,0,0,0,0,0,0,0,0,3
"Carne asada","Miramar",4,4.4,0,6.6,3.5,546.181818181818,0.675277359895455,20.0729880478088,22.0989959839357,0.785461847389558,4,2,4,3.5,4.5,4,3.5,4,1,4.25,1,1,1,0,0,0,0,0,0,0,0,0,0,0,0,0,0,0,0,0,0,0,0,0,0,0,0,0,0,0,0,0,0,3
"Campeon","Miramar",3.89878048780488,4.17439024390244,0,7.65,3.5,546.181818181818,0.675277359895455,20.0729880478088,22.0989959839357,0.785461847389558,3,1.5,3,3,2.5,3,3.5,2.5,4,3.4,1,1,1,1,1,1,0,0,0,0,0,0,0,0,0,0,0,0,0,0,0,0,0,0,0,0,0,0,0,0,0,0,0,3
"Chile verde pork","Encinitas",4,4.2,0,5,3.5,546.181818181818,0.675277359895455,20.0729880478088,22.0989959839357,0.785461847389558,2,3.74109589041096,2.5,2,2,2,2,2.5,3.99556135770235,2,0,0,0,0,0,0,1,0,0,0,0,1,0,0,0,0,0,0,1,0,0,0,0,0,0,0,0,0,0,0,0,0,0,3
"carne asada","Encinitas",3.89878048780488,4.17439024390244,0,5,1,546.181818181818,0.675277359895455,20.0729880478088,22.0989959839357,0.785461847389558,2,3.74109589041096,1,1,0.5,1,1.5,1,4,1,1,1,1,0,0,0,0,0,0,0,0,0,0,0,0,0,0,0,0,0,0,0,0,0,0,0,0,0,0,0,0,0,0,3
"California","University Heights",4,4.4,1,6.25,0.5,546.181818181818,0.675277359895455,20.0729880478088,22.0989959839357,0.785461847389558,3,5,4,2.75,4,1.6,3.5,3.4,5,3.33333,1,1,1,1,1,0,0,0,0,0,0,0,0,0,0,0,0,0,0,0,0,0,0,0,0,0,0,0,0,0,0,0,0,3
"California chicken","University Heights",3.89878048780488,4.17439024390244,0,6.25,3,546.181818181818,0.675277359895455,20.0729880478088,22.0989959839357,0.785461847389558,3.5,5,2.5,2.5,4,2.7,3.5,3,5,2.5,0,1,1,1,1,0,0,1,0,0,0,0,0,0,0,0,0,0,0,0,0,0,0,0,0,0,0,0,0,0,0,0,0,3
"Azteca","University Heights",3.89878048780488,4.17439024390244,0,6.25,3.75,546.181818181818,0.675277359895455,20.0729880478088,22.0989959839357,0.785461847389558,3,5,5,4.5,4,4,1.5,3,5,3,1,1,0,1,0,0,0,0,0,0,0,1,0,0,0,0,0,0,0,0,0,0,0,0,0,1,0,0,0,0,0,0,0,3
"Lobster","University Heights",3.89878048780488,4.17439024390244,0,9.5,3,546.181818181818,0.675277359895455,20.0729880478088,22.0989959839357,0.785461847389558,3,3,4,3,3.5,4.5,3.5,3,3.5,3.2,0,0,0,0,0,0,0,0,0,0,0,0,0,1,0,0,1,1,0,0,0,0,0,0,0,0,1,0,0,0,0,0,0,3
"California","San Diego",3.5,3.9,0,7.84,4,546.181818181818,0.675277359895455,20.0729880478088,22.0989959839357,0.785461847389558,4,4,3.5,4,4.5,4,3.5,3.5,4.5,4,1,0,1,1,1,0,0,0,0,0,0,0,0,0,0,0,0,0,0,0,0,0,0,0,0,0,0,0,0,0,0,0,0,3
"Carne asada","San Diego",3.89878048780488,4.17439024390244,0,7.89,1,546.181818181818,0.675277359895455,20.0729880478088,22.0989959839357,0.785461847389558,3,3.5,4.5,4,5,5,4.5,3.5,5,4.2,1,1,1,0,0,0,0,0,0,0,0,0,0,0,0,0,0,0,0,0,0,0,0,0,0,0,0,0,0,0,0,0,0,3
"Al pastor","San Diego",3.89878048780488,4.17439024390244,0,6.99,4,546.181818181818,0.675277359895455,20.0729880478088,22.0989959839357,0.785461847389558,4,3,3.5,3,4,5,3,3.5,5,3.5,0,0,0,0,0,0,1,0,0,0,0,0,0,0,0,0,0,0,0,1,1,0,1,0,0,0,0,0,0,0,0,0,0,3
"California","Encinitas",4.5,4.1,1,6.99,4,546.181818181818,0.675277359895455,20.0729880478088,22.0989959839357,0.785461847389558,4,4.5,4,3.5,4,2.5,2,4,4,4.2,1,0,0,1,1,1,0,0,0,0,0,0,0,0,0,0,0,0,0,0,0,0,0,0,0,0,0,0,0,0,0,0,0,3
"Machaca","Encinitas",3.89878048780488,4.17439024390244,0,5.99,3,546.181818181818,0.675277359895455,20.0729880478088,22.0989959839357,0.785461847389558,4,3.5,3.5,4,3.5,3.5,2,3.5,0.5,3.9,1,0,0,0,0,0,0,0,0,0,0,0,0,0,1,0,0,0,0,0,1,0,0,0,0,0,0,1,0,0,0,0,0,3
"Quesaburro","Clairemont",3.5,4,0,6.95,3.5,546.181818181818,0.675277359895455,20.0729880478088,22.0989959839357,0.785461847389558,3,4,3.5,4,4,4,3.5,4.5,4.5,4.1,1,1,1,1,0,0,0,0,0,0,0,0,0,0,0,0,0,0,0,0,0,0,0,0,0,0,0,0,0,0,0,0,0,3
"Philly ","Clairemont",3.89878048780488,4.17439024390244,0,6.95,4,546.181818181818,0.675277359895455,20.0729880478088,22.0989959839357,0.785461847389558,3,4.5,4,3,3,2,4,2,4.5,3,1,0,0,1,0,0,0,0,0,0,0,0,0,0,1,0,0,0,1,0,0,0,0,0,0,0,0,0,1,1,0,0,0,3
"Carne asada","Clairemont",3.89878048780488,4.17439024390244,0,6.5,3.5,546.181818181818,0.675277359895455,20.0729880478088,22.0989959839357,0.785461847389558,3.75,5,3,3,4.5,4.5,3.5,3,4.5,3.25,1,1,1,0,0,0,0,0,0,0,0,0,0,0,0,0,0,0,0,0,0,0,0,0,0,0,0,0,0,0,0,0,0,3
"Quesa","Clairemont",3.89878048780488,4.17439024390244,0,6.95,4.5,546.181818181818,0.675277359895455,20.0729880478088,22.0989959839357,0.785461847389558,2,5,3.5,4,2.5,5,3.5,2.5,4,3.75,1,1,1,1,0,0,0,1,0,0,0,0,0,0,0,0,0,0,0,0,0,0,0,0,0,0,0,0,0,0,0,0,0,3
"Surf and turf","Clairemont",3.89878048780488,4.17439024390244,0,7.65,3,546.181818181818,0.675277359895455,20.0729880478088,22.0989959839357,0.785461847389558,2,4,3,3,4,2,4,2,3,3.5,1,0,1,0,0,1,0,0,1,0,1,1,0,0,0,0,0,0,0,0,0,0,0,0,0,0,0,0,0,0,0,0,0,3
"Mahi","Clairemont",3.89878048780488,4.17439024390244,0,7.3,3,546.181818181818,0.675277359895455,20.0729880478088,22.0989959839357,0.785461847389558,3,4.5,3.5,3,3,2,3.5,2.5,4.5,3.5,0,0,0,0,0,0,0,0,0,0,0,0,0,0,0,0,0,0,0,0,0,0,0,0,0,0,0,0,0,0,0,0,0,3
"California","Ocean Beach",4.5,4.9,0,8.59,2.5,546.181818181818,0.675277359895455,20.0729880478088,22.0989959839357,0.785461847389558,4,4.5,3.5,5,2.5,2,4,4.5,4,4.3,1,1,1,1,1,1,0,0,0,0,0,0,0,0,0,0,0,0,0,0,0,0,0,0,0,0,0,0,0,0,0,0,0,3
"California","Ocean Beach",3.89878048780488,4.17439024390244,0,8.59,3.5,546.181818181818,0.675277359895455,20.0729880478088,22.0989959839357,0.785461847389558,4.5,4.5,4,4.5,4,4,4,4.5,5,4.5,1,1,1,1,1,1,0,0,0,0,0,0,0,0,0,0,0,0,0,0,0,0,0,0,0,0,0,0,0,0,0,0,0,3
"Addiction","Pacific Beach",4.5,4.7,0,7.99,3.5,546.181818181818,0.675277359895455,20.0729880478088,22.0989959839357,0.785461847389558,4,4,2,3,1.5,3,2.5,1,3,2.5,1,1,1,0,0,0,0,0,0,0,0,1,0,0,0,0,0,0,0,0,0,0,0,0,0,0,0,0,1,0,0,0,0,3
"Oaxacalifornia","Pacific Beach",3.89878048780488,4.17439024390244,0,9.99,3,546.181818181818,0.675277359895455,20.0729880478088,22.0989959839357,0.785461847389558,4,4.5,3.5,4,3,2,2.5,3.5,4,4,1,1,1,1,1,0,0,0,0,0,0,0,0,0,0,0,0,0,0,0,0,0,0,0,0,0,0,0,0,0,0,0,0,3
"Deborah's special","Carmel Valley",4,4.4,1,8.25,3.5,546.181818181818,0.675277359895455,20.0729880478088,22.0989959839357,0.785461847389558,4,4.5,3.5,2.5,4.5,4.5,4,3.5,5,4,1,0,0,0,0,0,0,0,0,0,0,0,0,0,0,0,0,0,0,0,0,0,0,0,0,1,0,0,0,0,0,0,0,4
"Chicken nopalito","Carmel Valley",3.89878048780488,4.17439024390244,0,7.95,2.5,546.181818181818,0.675277359895455,20.0729880478088,22.0989959839357,0.785461847389558,2.5,2.5,4,3.5,3,2.5,3,3,5,3.3,0,0,1,0,0,0,0,1,0,0,0,0,0,0,0,0,0,1,0,0,0,0,0,0,0,1,0,0,0,0,0,0,0,4
"Chicken nopalito","Carmel Valley",3.89878048780488,4.17439024390244,0,7.95,2,546.181818181818,0.675277359895455,20.0729880478088,22.0989959839357,0.785461847389558,4,5,4,4,3,5,3,3,5,4,0,0,1,0,0,0,0,1,0,0,0,0,0,0,0,0,0,1,0,0,0,0,0,0,0,1,0,0,0,0,0,0,0,4
"California","Carmel Valley",3.89878048780488,4.17439024390244,0,8.75,3,546.181818181818,0.675277359895455,20.0729880478088,22.0989959839357,0.785461847389558,4,5,3,5,3,2,4,3,5,4,1,0,1,1,1,1,0,0,0,0,0,0,0,0,0,0,0,0,0,0,0,0,0,0,0,0,0,0,0,0,0,0,0,4
"California ","Carmel Valley",3.89878048780488,4.17439024390244,0,6.6,3,546.181818181818,0.675277359895455,20.0729880478088,22.0989959839357,0.785461847389558,3,4.5,4,4.5,4,4.5,4.5,5,4.5,4.5,1,0,0,1,1,0,0,0,0,0,0,0,0,0,0,0,0,1,0,0,0,0,0,0,0,0,0,0,0,0,0,0,0,4
"Adobada","Carmel Valley",3.89878048780488,4.17439024390244,0,6.6,3,546.181818181818,0.675277359895455,20.0729880478088,22.0989959839357,0.785461847389558,4,5,5,5,5,4,3.34848484848485,4.5,5,4.5,0,0,1,0,0,0,1,0,0,0,0,0,0,0,0,0,0,0,0,0,0,0,0,0,0,0,0,0,0,0,0,0,0,4
"California","Carmel Valley",3.89878048780488,4.17439024390244,0,6.6,3,546.181818181818,0.675277359895455,20.0729880478088,22.0989959839357,0.785461847389558,3,5,3.5,3,4.5,2.5,3,4,4,3.6,1,0,0,1,1,0,0,0,0,0,0,0,0,0,0,0,0,1,0,0,0,0,0,0,0,0,0,0,0,0,0,0,0,4
"Surf & Turf","Carmel Valley",3.89878048780488,4.17439024390244,0,7.45,3.5,546.181818181818,0.675277359895455,20.0729880478088,22.0989959839357,0.785461847389558,3,5,3.5,2.5,3,2.5,3.75,3,4,3,1,0,0,1,0,0,0,0,1,0,1,0,0,0,0,0,0,0,0,0,0,0,0,0,0,0,0,0,0,0,0,0,0,4
"Chicken","Solana Beach",4,4.3,0,6.6,3.5,546.181818181818,0.675277359895455,20.0729880478088,22.0989959839357,0.785461847389558,3.5,3,4,4.5,3,1,3,4,0.5,2.8,0,1,1,0,0,0,0,1,0,0,0,0,0,0,0,0,0,0,0,0,0,0,0,0,0,0,0,0,0,0,0,0,0,4
"Carnitas","Solana Beach",3.89878048780488,4.17439024390244,0,6.6,3,546.181818181818,0.675277359895455,20.0729880478088,22.0989959839357,0.785461847389558,3,2.5,3,4,2,1,3,3,5,3,0,1,1,0,0,0,1,0,0,0,0,0,0,0,0,0,0,0,0,0,0,0,0,0,0,0,0,0,0,0,0,0,0,4
"Carne asada","Solana Beach",3.89878048780488,4.17439024390244,0,7.89,3.5,546.181818181818,0.675277359895455,20.0729880478088,22.0989959839357,0.785461847389558,3,2,4.5,4,4,1.5,4.5,4.5,4.5,4.4,1,1,1,0,0,0,0,0,0,0,0,0,0,0,0,0,0,0,0,0,0,0,0,0,0,0,0,0,0,0,0,0,0,4
"Carne asada","Solana Beach",3.89878048780488,4.17439024390244,0,7.89,2,546.181818181818,0.675277359895455,20.0729880478088,22.0989959839357,0.785461847389558,3,2.5,4.5,3.5,4.5,3,4,3.5,5,3.5,1,1,1,0,0,0,0,0,0,0,0,0,0,0,0,0,0,0,0,0,0,0,0,0,0,0,0,0,0,0,0,0,0,4
"California Everything","Linda Vista",4.5,4.4,1,6.25,4,546.181818181818,0.675277359895455,20.0729880478088,22.0989959839357,0.785461847389558,4.5,4.5,2.5,3.5,3.5,3.5,3,4,5,4.1,1,1,1,1,1,1,0,0,0,0,0,0,0,0,0,0,0,0,0,0,0,0,0,0,0,0,0,0,0,0,0,0,0,4
"California Everything","Linda Vista",3.89878048780488,4.17439024390244,0,6.25,3.5,546.181818181818,0.675277359895455,20.0729880478088,22.0989959839357,0.785461847389558,4,4,4,2.5,3,3.5,4,4,5,4,1,1,1,1,1,1,0,0,0,0,0,0,0,0,0,0,0,0,0,0,0,0,0,0,0,0,0,0,0,0,0,0,0,4
"California Everything","Linda Vista",3.89878048780488,4.17439024390244,0,6.25,4,546.181818181818,0.675277359895455,20.0729880478088,22.0989959839357,0.785461847389558,4,4.5,4.5,5,5,5,4.5,5,5,4.6,1,1,1,1,1,1,0,0,0,0,0,0,0,0,0,0,0,0,0,0,0,0,0,0,0,0,0,0,0,0,0,0,0,4
"Fish","Linda Vista",3.89878048780488,4.17439024390244,0,6.5,2.5,546.181818181818,0.675277359895455,20.0729880478088,22.0989959839357,0.785461847389558,3,3.74109589041096,3.5,4,4,3,3.34848484848485,4,1.5,3.5,0,0,0,0,0,0,0,0,0,0,0,0,0,0,0,0,0,0,0,0,0,0,0,0,0,0,0,0,0,0,0,0,0,4
"California","Linda Vista",3.89878048780488,4.17439024390244,0,6.65,3.5,546.181818181818,0.675277359895455,20.0729880478088,22.0989959839357,0.785461847389558,3.5,3.74109589041096,3.5,3.5,4.5,3.5,3.5,4,4,4,0,0,0,0,0,0,0,0,0,0,0,0,0,0,0,0,0,0,0,0,0,0,0,0,0,0,0,0,0,0,0,0,0,4
"California ","Encinitas ",4,4.5,0,5.95,3.5,546.181818181818,0.675277359895455,20,22,0.77,2.5,2.5,3.5,4,3,4.5,4,4.5,4.5,3.8,1,0,0,1,1,1,0,0,0,0,0,0,0,0,0,0,0,0,0,0,0,0,0,0,0,0,0,0,0,0,0,0,0,4
"Chimichanga beef","Encinitas ",3.89878048780488,4.17439024390244,0,5.5,3,546.181818181818,0.675277359895455,20.0729880478088,22.0989959839357,0.785461847389558,2,4,3,3,3,4,3.5,3.5,3.99556135770235,3,1,1,1,1,0,1,0,0,0,0,1,1,0,0,0,0,0,1,0,0,0,0,0,0,0,0,0,0,0,0,0,0,0,4
"California","Carlsbad",4,4.1,0,9,2,546.181818181818,0.675277359895455,19,21.5,0.7,2,3.5,3,1.5,1,1,2.5,1.5,3.5,1.5,1,1,0,1,1,0,0,0,0,0,0,0,0,0,0,0,0,0,0,0,0,0,0,0,0,0,0,0,0,0,0,0,0,4
"Pastor","Carlsbad",3.89878048780488,4.17439024390244,0,9,2,546.181818181818,0.675277359895455,18.5,23,0.78,2.5,2.5,1.5,2.5,1,2,2.5,2,5,1.8,0,0,1,0,0,0,1,0,0,0,0,0,0,0,0,0,0,0,0,1,1,0,0,0,0,0,0,0,0,0,0,0,0,4
"California","Carlsbad",3.89878048780488,4.17439024390244,0,8,4,546.181818181818,0.675277359895455,21.59,22.0989959839357,0.785461847389558,4.5,5,5,5,4.5,5,3,5,5,4.9,1,1,1,1,1,0,0,0,0,0,0,0,0,0,0,0,0,0,0,0,0,0,0,0,0,0,0,0,0,0,0,0,0,4
"California ","Oceanside",4.5,4.4,1,6.89,3,546.181818181818,0.675277359895455,25,22,0.96,3,2.5,3,2.5,2.5,2,3.5,3,4,3,1,0,1,1,1,1,0,0,0,0,0,0,0,0,0,0,0,0,0,0,0,0,0,0,0,0,0,0,0,0,0,0,0,4
"El Hawaiiano ","Oceanside",3.89878048780488,4.17439024390244,0,6.39,3,546.181818181818,0.675277359895455,23,22.5,0.93,4,3,2.5,3.5,3,3,3.5,4,3.5,3.5,1,0,1,1,0,1,0,0,0,0,0,0,0,0,0,0,0,0,0,0,0,0,1,0,0,0,0,0,0,0,0,0,0,4
"California","Miramar ",4.5,4.6,1,6.75,3,546.181818181818,0.675277359895455,22.5,23,0.95,4.5,4,3,4,1,3,4.5,3.5,4.5,3.5,1,0,1,1,1,1,0,0,0,0,0,0,0,0,0,0,0,0,0,0,0,0,0,0,0,0,0,0,0,0,0,0,0,5
"Pastor","Miramar ",3.89878048780488,4.17439024390244,0,5.99,2,546.181818181818,0.675277359895455,21,22,0.81,4,2,2.5,4,4,3,3.5,4,5,3.2,0,0,1,0,0,0,1,0,0,0,0,0,0,0,0,0,0,0,0,1,1,0,0,0,0,0,0,0,0,0,0,0,0,5
"California","Miramar ",3.89878048780488,4.17439024390244,0,7.49,3.5,546.181818181818,0.675277359895455,19,22,0.73,3.5,4,4,4,3.5,3,4,4.5,3,4.2,1,1,1,1,1,1,0,0,0,0,0,0,0,0,0,0,0,0,0,0,0,0,0,0,0,0,0,0,0,0,0,0,0,5
"California","Miramar ",3.89878048780488,4.17439024390244,0,7.49,4,546.181818181818,0.675277359895455,16.5,25,0.82,4,3.5,4,4,4.5,5,4.5,5,4.5,4.5,1,1,1,1,1,1,0,0,0,0,0,0,0,0,0,0,0,0,0,0,0,0,0,0,0,0,0,0,0,0,0,0,0,5
"California","Miramar ",3.89878048780488,4.17439024390244,0,7.49,4,546.181818181818,0.675277359895455,17,25.5,0.88,3,3,4,3.5,3.5,4,3.5,4,2.5,3.7,1,1,1,1,1,1,0,0,0,0,0,0,0,0,0,0,0,0,0,0,0,0,0,0,0,0,0,0,0,0,0,0,0,5
"California","Miramar ",3.89878048780488,4.17439024390244,0,7.49,3,546.181818181818,0.675277359895455,17.7,21.5,0.65,4,2,5,5,1,3,5,4,3,4,1,1,1,1,1,1,0,0,0,0,0,0,0,0,0,0,0,0,0,0,0,0,0,0,0,0,0,0,0,0,0,0,0,5
"California","Miramar ",3.89878048780488,4.17439024390244,0,7.49,1,546.181818181818,0.675277359895455,20,23.5,0.88,4,3,4,4.5,5,4.5,3,4.5,4,4,1,1,1,1,1,1,0,0,0,0,0,0,0,0,0,0,0,0,0,0,0,0,0,0,0,0,0,0,0,0,0,0,0,5
"Carne asada","Miramar ",3.89878048780488,4.17439024390244,0,7.89,4,546.181818181818,0.675277359895455,18,25,0.9,4,2,4,3,4,4,4,3.5,4,3.5,1,1,1,0,0,0,0,0,0,0,0,0,0,0,0,0,0,0,0,0,0,0,0,0,0,0,0,0,0,0,0,0,0,5
"California","Miramar ",3.89878048780488,4.17439024390244,0,6.95,4,546.181818181818,0.675277359895455,21,23,0.88,3,3.5,2,3.5,3,2.5,2.5,2.5,2,2.9,0,0,0,0,0,0,0,0,0,0,0,0,0,0,0,0,0,0,0,0,0,0,0,0,0,0,0,0,0,0,0,0,0,5
"California","Miramar ",3.89878048780488,4.17439024390244,0,7,3.5,546.181818181818,0.675277359895455,17.5,24.5,0.84,3,5,3,3.5,3,1.5,3,3,4,3.3,1,0,0,1,1,1,0,0,0,0,0,0,0,0,0,0,0,0,0,0,0,0,0,0,0,0,0,0,0,0,0,0,0,5
"2 in 1","Miramar ",3.89878048780488,4.17439024390244,0,8.75,3,546.181818181818,0.675277359895455,19,21.5,0.7,3,4,2.7,4.7,3,2.4,2,3.7,4.5,3.7,1,0,1,1,0,0,0,0,0,0,0,0,0,0,0,0,0,0,0,0,0,1,0,0,0,0,0,0,0,0,0,0,0,5
"2 in 1","Miramar ",3.89878048780488,4.17439024390244,0,8.75,4,546.181818181818,0.675277359895455,17.78,22.225,0.7,4.5,3.8,3.8,4.5,3.4,1.5,3,3.8,4,3.8,1,0,1,1,0,0,0,0,0,0,0,0,0,0,0,0,0,0,0,0,0,1,0,0,0,0,0,0,0,0,0,0,0,5
"El Rusio","Miramar ",3.89878048780488,4.17439024390244,0,6.65,4,546.181818181818,0.675277359895455,21.5,23,0.91,3,4.5,2.5,2,3.5,5,1.5,2,1.5,2.5,1,1,0,1,1,0,0,0,0,0,0,0,0,0,0,0,0,0,0,0,0,0,0,0,0,0,0,0,0,0,0,0,0,5
"Carne asada","Miramar ",3.89878048780488,4.17439024390244,0,6.6,4,546.181818181818,0.675277359895455,22,22,0.85,4,3.5,4,4,3.5,4,4,4.5,4.5,4,1,1,1,0,0,0,0,0,0,0,0,0,0,0,0,0,0,0,0,0,0,0,0,0,0,0,0,0,0,0,0,0,0,5
"Carne asada","Miramar ",3.89878048780488,4.17439024390244,0,6.6,4.5,546.181818181818,0.675277359895455,23,22,0.89,4,3,3,3,3.5,3,3.34848484848485,3.5,4.5,3,1,1,1,0,0,0,0,0,0,0,0,0,0,0,0,0,0,0,0,0,0,0,0,0,0,0,0,0,0,0,0,0,0,5
"Carnitas","Miramar ",3.89878048780488,4.17439024390244,0,7.5,4,546.181818181818,0.675277359895455,23.5,22.5,0.95,4,5,4,5,5,4,5,4,4,4,0,1,1,0,0,0,1,0,0,0,0,0,0,0,0,0,0,0,0,0,0,0,0,0,0,0,0,0,0,0,0,0,0,5
"Bacon breakfast","Miramar ",3.89878048780488,4.17439024390244,0,6.25,3.5,546.181818181818,0.675277359895455,22,22,0.85,4,3.5,4,4,5,5,3.34848484848485,5,4.5,4.2,0,0,0,1,1,0,0,0,0,0,0,0,0,0,0,0,0,0,0,0,0,0,0,0,0,0,0,1,0,1,0,0,0,5
"Bomb","Encinitas ",4,4.2,0,7.99,3,546.181818181818,0.675277359895455,25.5,23,1.07,4,4,4,3.5,2.5,3.5,4,3.5,2.5,3.7,1,0,1,1,1,1,0,0,0,0,0,0,0,0,0,0,0,0,0,0,0,1,0,0,0,0,0,0,0,0,0,0,0,5
"California ","Encinitas ",3.89878048780488,4.17439024390244,0,6.99,2.5,546.181818181818,0.675277359895455,21.5,22.125,0.84,3.5,4,3.5,3.5,3,1,4,4,4.5,3.8,1,0,0,1,1,1,0,0,0,0,0,0,0,0,0,0,0,0,0,0,0,0,0,0,0,0,0,0,0,0,0,0,0,5
"California ","Encinitas ",4,4.5,0,5.55,3.5,546.181818181818,0.675277359895455,17.5,23,0.74,4,4.5,3,3,5,3,4,3,5,3.5,1,0,0,1,1,1,0,0,0,0,0,0,0,0,0,0,0,0,0,0,0,0,0,0,0,0,0,0,0,0,0,0,0,5
"Arizona","Encinitas ",3.89878048780488,4.17439024390244,0,5.55,2.5,546.181818181818,0.675277359895455,20.5,22.5,0.83,4.5,4,3.5,4,3.5,4,3,4,5,3.9,1,1,1,0,1,0,0,0,0,0,0,0,0,0,0,0,0,0,0,0,0,0,0,0,0,0,0,0,0,0,0,0,0,5
"Custom","La Jolla",3.5,4.1,0,7.25,3.5,546.181818181818,0.675277359895455,18.5,22.5,0.75,1.5,1,2,2,2,2,2,2,1,1.8,1,1,1,1,0,0,0,0,0,0,1,1,0,0,0,0,0,0,1,0,0,0,0,0,0,0,0,0,0,0,0,0,0,5
"California","Pacific Beach",4,4.6,0,7.14,3.5,546.181818181818,0.675277359895455,20,23,0.84,4,2,4,5,4,2,4,4.5,5,4.4,1,0,1,1,1,1,0,0,0,0,1,0,0,0,0,0,0,0,0,0,0,0,0,0,0,0,0,0,0,0,0,0,0,5
"California","Pacific Beach",3.89878048780488,4.17439024390244,0,7.14,5,546.181818181818,0.675277359895455,20.5,24,0.94,4,2,4.5,4,3.5,2,3,4,4,4.1,1,0,1,1,1,1,0,0,0,0,1,0,0,0,0,0,0,0,0,0,0,0,0,0,0,0,0,0,0,0,0,0,0,5
"Carne asada","Pacific Beach",3.89878048780488,4.17439024390244,0,6.02,3.2,546.181818181818,0.675277359895455,19.5,20.5,0.65,4.5,2,3.3,3.4,4.5,4.5,3.8,3.7,5,3.7,1,0,1,0,0,0,0,0,0,0,0,0,0,0,0,0,0,0,0,0,0,0,0,0,0,0,0,0,0,0,0,0,0,5
"Chicken asada","Del Mar",3.5,3.9,0,6.5,2,546.181818181818,0.675277359895455,18.5,21.5,0.68,1.5,4,2,2,4.5,1,1,2,5,1.5,0,1,1,0,0,0,0,1,0,0,0,0,0,0,0,0,0,0,0,0,0,0,0,0,0,0,0,0,0,0,0,0,0,5
"Carnitas","Del Mar",3.89878048780488,4.17439024390244,0,5.4,3,546.181818181818,0.675277359895455,18,20,0.57,2,3.5,4,2.5,3.5,1.5,1.5,3,5,2.7,0,1,1,0,0,0,1,0,0,0,0,0,0,0,0,0,0,0,0,0,0,0,0,0,0,0,0,0,0,0,0,0,0,5
"California ","San Marcos",4.5,4.1,1,5.99,4,546.181818181818,0.675277359895455,20.5,23.5,0.9,4.5,5,3,4,2,2,2,3.75,4,3.2,1,1,1,1,1,1,0,0,0,0,0,0,0,0,0,0,0,0,0,0,0,0,0,0,0,0,0,0,0,0,0,0,0,5
"Carne adobada ","San Marcos",3.89878048780488,4.17439024390244,0,5.5,3,546.181818181818,0.675277359895455,20.75,23.5,0.91,3.5,4,3.5,3,3.5,3.5,2.5,3,2.5,3,1,1,1,0,0,0,0,0,0,0,0,0,0,0,0,0,0,0,0,0,0,0,1,0,0,0,0,0,0,0,0,0,0,5
"Carne asada","San Marcos",3.89878048780488,4.17439024390244,0,6.25,4,546.181818181818,0.675277359895455,15,20.5,0.5,1.5,2.5,3,4.5,4,2,2.75,3.75,3,2.6,1,1,1,0,0,0,0,0,0,0,0,0,0,0,0,0,0,0,0,0,0,0,0,0,0,0,0,0,0,0,0,0,0,5
"Shrimp","San Marcos",3.89878048780488,4.17439024390244,0,8.95,3.5,546.181818181818,0.675277359895455,18.5,25,0.92,3,3,4,4,3.5,3.5,2.5,4,0.5,3,0,1,0,0,0,0,0,0,1,0,0,0,1,0,0,0,0,1,0,0,0,0,0,0,0,0,0,0,0,0,0,0,0,5
"Bean and cheese","San Marcos",3.89878048780488,4.17439024390244,0,3.5,1,546.181818181818,0.675277359895455,16,20,0.51,3.5,4.5,3.59624664879357,3,3.56440318302387,4,3,2.5,4,2.7,0,0,0,1,0,0,0,0,0,0,0,1,0,0,0,0,0,0,0,0,0,0,0,0,0,0,0,0,0,0,0,0,0,5
"California","Kearny Mesa",3.89878048780488,4.17439024390244,0,7.5,4,546.181818181818,0.675277359895455,20.0729880478088,22.0989959839357,0.785461847389558,3,5,3.5,3.5,4,4,2.5,3,5,3.5,0,1,0,1,1,0,0,1,0,0,0,0,0,1,0,0,0,0,0,0,0,0,0,0,0,0,0,0,0,0,0,0,0,5
"Especial ","Encinitas",4,4,1,4.87,2,546.181818181818,0.675277359895455,19,23.5,0.83,3,4,1.5,2,3,5,3,2.5,5,2.6,1,0,1,1,0,0,0,0,0,0,1,1,1,1,0,0,0,0,0,0,0,0,0,0,0,0,0,0,0,0,0,0,0,6
"Ranchero steak","Encinitas",3.89878048780488,4.17439024390244,0,4.87,2.5,546.181818181818,0.675277359895455,19.5,20.5,0.65,3.5,3,2.5,2.4,3.5,4.5,3,3,1.5,2.6,0,0,0,0,0,0,0,0,0,0,0,0,0,0,0,0,0,0,0,0,0,0,0,0,0,0,0,0,0,0,0,0,0,6
"Monster California","Encinitas",3.89878048780488,4.17439024390244,0,9.25,3.5,546.181818181818,0.675277359895455,25.5,24,1.17,2,1,3,3,1,3.42232375979112,3,2,4,2.3,1,1,1,1,1,1,0,0,0,0,0,0,0,0,0,0,0,0,0,0,0,0,0,0,0,0,0,0,0,0,0,0,0,6
"California","Encinitas",3.89878048780488,4.17439024390244,0,7,3,546.181818181818,0.675277359895455,20,22,0.77,4.5,4,3.5,4,1,1,2,2,4,2.5,1,1,1,1,1,0,0,0,0,0,0,0,0,0,0,0,0,0,0,0,0,0,0,0,0,0,0,0,0,0,0,0,0,6
"California breakfast","Encinitas",3.89878048780488,4.17439024390244,0,6.25,2.5,546.181818181818,0.675277359895455,18.5,22.5,0.75,3,4,3,2,1.5,1,3,1.5,3,2,1,0,0,1,1,1,0,0,0,0,0,0,0,0,0,0,0,0,0,0,0,0,0,0,0,0,0,1,0,0,0,0,0,6
"Baja monster","Encinitas",3.89878048780488,4.17439024390244,0,6,4,546.181818181818,0.675277359895455,20.0729880478088,22.0989959839357,0.785461847389558,3,3,1,4,2,2,3,2,1,2,0,1,1,0,0,0,1,0,0,0,0,1,0,0,0,0,0,0,0,0,0,0,0,0,0,0,0,0,0,0,0,0,0,6
"Baja monster","Encinitas",3.89878048780488,4.17439024390244,0,6,3,546.181818181818,0.675277359895455,20.0729880478088,22.0989959839357,0.785461847389558,4,3.5,4,4,2,4,4,4,3,3.8,0,1,1,0,0,0,1,0,0,0,0,1,0,0,0,0,0,0,0,0,0,0,0,0,0,0,0,0,0,0,0,0,0,6
"Carnitas","Encinitas",3.89878048780488,4.17439024390244,0,6.35,4.5,546.181818181818,0.675277359895455,18,20.5,0.6,4,4,2.5,2,3,2,2,2,3,2,0,0,1,0,0,0,1,0,0,0,0,0,0,0,0,0,0,0,0,0,0,0,0,0,0,0,0,0,0,0,0,0,0,6
"Local","Oceanside",4,4.2,0,7.9,3.5,546.181818181818,0.675277359895455,20.5,21.5,0.75,3.5,4.5,4.5,4,1.5,1.5,3,4,5,3.5,0,1,0,1,1,0,1,0,0,0,0,0,0,0,0,0,0,0,0,0,0,0,1,0,0,0,0,0,0,0,0,0,0,6
"Fusion","Oceanside",3.89878048780488,4.17439024390244,0,8.5,3.5,546.181818181818,0.675277359895455,18.5,21,0.65,4,4,4,3.5,4,4,4,4.5,4.5,4.2,1,0,1,1,0,0,1,0,0,0,0,0,0,0,0,0,0,0,0,1,1,0,0,0,0,0,0,0,0,0,0,0,0,6
"Al pastor","Oceanside",3.89878048780488,4.17439024390244,0,6.99,3.5,546.181818181818,0.675277359895455,18.5,21,0.65,4,3.5,4,3.5,4,5,2.5,4,4.5,3.9,0,0,0,0,0,0,1,0,0,0,0,0,0,0,0,0,0,1,0,1,1,0,1,0,0,0,0,0,0,0,0,0,0,6
"Al pastor","Oceanside",3.89878048780488,4.17439024390244,0,6.99,5,546.181818181818,0.675277359895455,20.0729880478088,22.0989959839357,0.785461847389558,4,4,4,4,2,3,3,4,3,3.5,0,0,0,0,0,0,1,0,0,0,0,0,0,0,0,0,0,1,0,1,1,0,1,0,0,0,0,0,0,0,0,0,0,6
"California ","San Marcos",3.5,3.9,0,5.7,3.5,546.181818181818,0.675277359895455,20.5,21.5,0.75,3.5,3,3,4,1.5,4,4,4,4,3.7,1,1,1,1,1,1,0,0,0,0,0,0,0,0,0,0,0,0,0,0,0,0,0,0,0,0,0,0,0,0,0,0,0,6
"Carne asada","San Marcos",3.89878048780488,4.17439024390244,0,5.25,4,546.181818181818,0.675277359895455,21,21,0.74,3.5,3,2.8,3.5,4,4,4,3.5,5,3.2,1,1,1,0,0,0,0,0,0,0,0,0,0,0,0,0,0,0,0,0,0,0,0,0,0,0,0,0,0,0,0,0,0,6
"California Surf","Clairemont",4,3.8,0,9.19,2.8,546.181818181818,0.675277359895455,20.5,23.5,0.9,3.5,4.5,4,3.5,5,4.5,3,3.5,5,4,1,0,1,1,1,0,0,0,1,0,0,0,0,0,0,0,0,1,0,0,0,0,0,0,0,0,0,0,0,0,0,0,0,6
"California","Temecula",4.5,4,0,6.94,4,546.181818181818,0.675277359895455,20.0729880478088,22.0989959839357,0.785461847389558,4,4,4,4.5,3.2,3,4.5,4.5,2,4.5,1,0,1,1,1,1,0,0,0,0,0,0,0,0,0,0,0,0,0,0,0,0,0,0,0,0,0,0,0,0,0,0,0,6
"Super","Temecula",3.89878048780488,4.17439024390244,0,6.94,3.75,546.181818181818,0.675277359895455,20.0729880478088,22.0989959839357,0.785461847389558,3.5,3.5,3.5,3.5,4,4,4.5,3.5,4.5,3.8,1,0,1,1,0,1,0,0,0,0,0,0,0,0,0,0,0,0,1,0,0,0,0,0,0,0,0,0,0,0,0,0,0,6
"California","Temecula",3.89878048780488,4.17439024390244,0,7,2.2,546.181818181818,0.675277359895455,18,25,0.9,2.8,3,3,2,2,4.5,2,1.5,4.5,2.3,1,0,0,1,1,1,0,0,0,0,0,0,0,0,0,0,0,0,0,0,0,0,0,0,0,0,0,0,0,0,0,0,0,6
"California","Temecula",3.89878048780488,4.17439024390244,0,7,3.5,546.181818181818,0.675277359895455,18,23.5,0.79,4,4,4,3,4,5,4,4,5,4,1,0,0,1,1,1,0,0,0,0,0,0,0,0,0,0,0,0,0,0,0,0,0,0,0,0,0,0,0,0,0,0,0,6
"California","Temecula",3.89878048780488,4.17439024390244,0,7,3,546.181818181818,0.675277359895455,19,24,0.87,3.5,2,3,4,2,4,3,3,4,3,1,0,1,1,1,1,0,0,0,0,0,0,0,0,0,0,0,0,0,0,0,0,0,0,0,0,0,0,0,0,0,0,0,6
"Mixed","Temecula",3.89878048780488,4.17439024390244,0,8.25,4,546.181818181818,0.675277359895455,20.0729880478088,22.0989959839357,0.785461847389558,4,3,4,4,4,5,3,4,5,3.5,1,0,1,1,0,0,0,0,0,0,0,1,0,0,0,0,0,0,0,0,0,0,0,0,0,0,0,0,0,0,0,0,0,6
"California Everything","Temecula",3.89878048780488,4.17439024390244,0,6.25,3,546.181818181818,0.675277359895455,23.5,21.5,0.86,3.8,1.3,3.5,3.5,4.5,4.5,3.5,4,5,3.9,1,1,1,1,1,0,0,0,0,0,0,0,0,0,0,0,0,0,0,0,0,0,0,0,0,0,0,0,0,0,0,0,0,6
"California Everything","Temecula",3.89878048780488,4.17439024390244,0,6.25,4.5,546.181818181818,0.675277359895455,22.5,22,0.87,4,4,4.5,4,4,3.5,4,4,4.5,4.25,1,1,1,1,1,0,0,0,0,0,0,0,0,0,0,0,0,0,0,0,0,0,0,0,0,0,0,0,0,0,0,0,0,6
"California Everything","Temecula",3.89878048780488,4.17439024390244,0,6.25,4,546.181818181818,0.675277359895455,22.5,22,0.87,3,2.5,4,4,4,2,2,3,4,4,1,1,1,1,1,0,0,0,0,0,0,0,0,0,0,0,0,0,0,0,0,0,0,0,0,0,0,0,0,0,0,0,0,6
"California Everything","Temecula",3.89878048780488,4.17439024390244,0,6.25,3,546.181818181818,0.675277359895455,23,22.5,0.93,5,4,4,4.5,4,4.5,3.34848484848485,4,4,4.5,1,1,1,1,1,0,0,0,0,0,0,0,0,0,0,0,0,0,0,0,0,0,0,0,0,0,0,0,0,0,0,0,0,6
"California Everything","Temecula",3.89878048780488,4.17439024390244,0,6.25,4,546.181818181818,0.675277359895455,20.0729880478088,22.0989959839357,0.785461847389558,4,3.5,4.5,4,4.5,4,4.5,4.5,5,4.5,1,1,1,1,1,0,0,0,0,0,0,0,0,0,0,0,0,0,0,0,0,0,0,0,0,0,0,0,0,0,0,0,0,6
"Carnitas","Temecula",3.89878048780488,4.17439024390244,0,5.5,4.5,546.181818181818,0.675277359895455,21.5,20,0.68,5,4,5,4,4.5,4,4,4.5,4,4.5,0,0,1,0,0,0,1,0,0,0,0,0,0,0,0,0,0,0,0,0,0,0,0,0,0,0,0,0,0,0,0,0,0,6
"Carne asada everything","Temecula",3.89878048780488,4.17439024390244,0,6.25,3,546.181818181818,0.675277359895455,23,23,0.97,4,3,4,3,4,3,3,4,4,4,1,1,1,1,0,1,0,0,0,0,0,0,0,0,0,0,0,0,0,0,0,0,0,0,0,0,0,0,0,0,0,0,0,6
"Carne asada everything","Temecula",3.89878048780488,4.17439024390244,0,6.25,4.5,546.181818181818,0.675277359895455,21.5,20.5,0.72,4,5,4.5,4,4.5,4,3,4,5,4.5,1,1,1,1,0,1,0,0,0,0,0,0,0,0,0,0,0,0,0,0,0,0,0,0,0,0,0,0,0,0,0,0,0,6
"Carne asada everything","Temecula",3.89878048780488,4.17439024390244,0,6.25,5,546.181818181818,0.675277359895455,23,21.5,0.85,4,3,5,4,4,4,5,5,3,4.2,1,1,1,1,0,1,0,0,0,0,0,0,0,0,0,0,0,0,0,0,0,0,0,0,0,0,0,0,0,0,0,0,0,6
"California Everything","Temecula",3.89878048780488,4.17439024390244,0,6.25,4,546.181818181818,0.675277359895455,22,20.8,0.76,4,4,3.5,4,3,4,4,3.5,4.5,3.75,1,1,1,1,1,0,0,0,0,0,0,0,0,0,0,0,0,0,0,0,0,0,0,0,0,0,0,0,0,0,0,0,0,8
"California Everything","Temecula",3.89878048780488,4.17439024390244,0,6.25,4,546.181818181818,0.675277359895455,22.5,21.5,0.83,3,2,4,5,4,4,3,4,3,4,1,1,1,1,1,0,0,0,0,0,0,0,0,0,0,0,0,0,0,0,0,0,0,0,0,0,0,0,0,0,0,0,0,8
"California Everything","Temecula",3.89878048780488,4.17439024390244,0,6.25,4,546.181818181818,0.675277359895455,23,21.5,0.85,4,3.5,3.5,4,3.5,4,3.5,4,4.5,4,1,1,1,1,1,0,0,0,0,0,0,0,0,0,0,0,0,0,0,0,0,0,0,0,0,0,0,0,0,0,0,0,0,8
"California Everything","Temecula",3.89878048780488,4.17439024390244,0,6.25,3.5,546.181818181818,0.675277359895455,21,22.5,0.85,3.5,2,3,3.5,3.5,2.5,2.5,3.5,4.5,3.4,1,1,1,1,1,0,0,0,0,0,0,0,0,0,0,0,0,0,0,0,0,0,0,0,0,0,0,0,0,0,0,0,0,8
"California Everything","Temecula",3.89878048780488,4.17439024390244,0,6.25,3,546.181818181818,0.675277359895455,22.5,21,0.79,4,4,4.5,5,4.75,5,4,4.5,4.5,3.60481287206266,1,1,1,1,1,0,0,0,0,0,0,0,0,0,0,0,0,0,0,0,0,0,0,0,0,0,0,0,0,0,0,0,0,8
"Surf & Turf","Temecula",3.89878048780488,4.17439024390244,0,7,4.31,546.181818181818,0.675277359895455,20.0729880478088,22.0989959839357,0.785461847389558,3,2.5,3.5,3,3.5,4,3,3,4,3.60481287206266,0,0,0,0,0,0,0,0,0,0,0,0,0,0,0,0,0,0,0,0,0,0,0,0,0,0,0,0,0,0,0,0,0,8
"Carne asada everything","Temecula",3.89878048780488,4.17439024390244,0,6.25,4.5,546.181818181818,0.675277359895455,22,20,0.7,4.5,4,4,4.5,4,4,4.5,4.5,4,4,1,1,1,1,0,1,0,0,0,0,0,0,0,0,0,0,0,0,0,0,0,0,0,0,0,0,0,0,0,0,0,0,0,8
"Surf & Turf","Temecula",3.89878048780488,4.17439024390244,0,7,2.5,546.181818181818,0.675277359895455,20.5,21.75,0.77,4,4,2,3,2,3.5,3,3,4.5,2.5,1,0,0,1,0,0,0,0,0,0,0,0,0,0,1,0,0,0,0,0,1,0,0,0,0,0,0,0,0,0,0,0,0,8
"Adobada","Temecula",3.89878048780488,4.17439024390244,0,6.25,2,546.181818181818,0.675277359895455,20.5,20,0.65,4,2.5,2.5,3,2,4,3.5,3,4.5,2.6,0,0,0,0,0,0,0,0,0,0,0,0,0,0,0,0,0,0,0,0,0,0,0,0,0,0,0,0,0,0,0,0,0,8
"Carne asada","Temecula",3.89878048780488,4.17439024390244,0,7,4,546.181818181818,0.675277359895455,18.5,20.5,0.62,3.5,3,2,2,1,3,3.5,1.5,4,2,0,0,0,0,0,0,0,0,0,0,0,0,0,0,0,0,0,0,0,0,0,0,0,0,0,0,0,0,0,0,0,0,0,8
"California","University City",2.5,3.3,0,6.25,3.5,546.181818181818,0.675277359895455,21.5,20,0.68,3.5,3.5,2.5,2.5,2.5,4,2,1.5,5,2.2,1,1,0,1,1,0,0,0,0,0,0,0,0,0,0,0,0,0,0,0,0,0,0,0,0,0,0,0,0,0,0,0,0,8
"California","University City",3.89878048780488,4.17439024390244,0,6.25,4,546.181818181818,0.675277359895455,20,20,0.64,4,5,3,3,4,3.5,4,4,5,3.75,1,1,0,1,1,0,0,0,0,0,0,0,0,0,0,0,0,0,0,0,0,0,0,0,0,0,0,0,0,0,0,0,0,8
"California","Cardiff ",4,4.7,0,4.99,4,546.181818181818,0.675277359895455,19,21,0.67,4.5,4.5,3.5,4,4.5,5,2.5,4.5,5,4.3,1,1,0,1,1,0,0,0,0,0,0,0,0,0,0,0,0,0,0,0,0,0,0,0,0,0,0,0,0,0,0,0,0,8
"California","Clairemont",3.5,4.1,0,6.89,4,546.181818181818,0.675277359895455,21.5,22.5,0.87,3.5,4.5,3.5,3.5,3,1.5,2.5,3.5,5,3.5,1,1,0,1,1,1,0,0,0,0,0,0,0,0,0,0,0,0,0,0,0,0,0,0,0,0,0,0,0,0,0,0,0,8
"Carne asada","Clairemont",3.89878048780488,4.17439024390244,0,6.89,5,546.181818181818,0.675277359895455,18.5,21,0.65,3,5,4.5,4.5,3,4,4.5,4,4.5,4,1,1,1,0,0,0,0,0,0,0,0,0,0,0,0,0,0,0,0,0,0,0,0,0,0,0,0,0,0,0,0,0,0,8
"Adobada","Oceanside",4,3.9,0,4.99,3.5,546.181818181818,0.675277359895455,23,19,0.66,3,3,3,3,2.5,2,2.5,3,4,2.8,0,1,1,0,0,0,1,0,0,0,0,0,0,0,0,0,0,0,0,0,0,0,0,0,0,0,0,0,0,0,0,0,0,8
"California","Oceanside",3.89878048780488,4.17439024390244,0,5.29,3.5,546.181818181818,0.675277359895455,22.5,20.5,0.75,2.5,4.5,2,3,2.5,1.5,3,2,4.5,2.5,1,1,0,1,1,0,0,0,0,0,0,0,0,0,0,0,0,0,0,0,0,0,0,0,0,0,0,0,0,0,0,0,0,8
"California ","Oceanside",3.89878048780488,4.17439024390244,0,7.49,2,546.181818181818,0.675277359895455,18.5,21.5,0.68,4,5,4.5,3.5,3.5,2,3.5,4,5,4,1,1,1,1,1,1,0,0,0,0,0,0,0,0,0,0,0,0,0,0,0,0,0,0,0,0,0,0,0,0,0,0,0,8
"California ","Oceanside",3.89878048780488,4.17439024390244,0,7.49,2.5,546.181818181818,0.675277359895455,16.5,23.5,0.73,3.5,5,4,3,4,4.5,3,3.5,5,4,1,1,1,1,1,1,0,0,0,0,0,0,0,0,0,0,0,0,0,0,0,0,0,0,0,0,0,0,0,0,0,0,0,8
"Adobada","Clairemont",4,4.2,0,6.5,3.5,546.181818181818,0.675277359895455,20.5,20.5,0.69,2.5,4,3.5,4,4,3,1.5,3.5,5,3.6,0,0,1,0,0,0,1,0,0,0,0,1,0,0,0,0,0,0,0,1,1,0,0,0,0,0,0,0,0,0,0,0,0,8
"Carne asada","Clairemont",3.89878048780488,4.17439024390244,0,6.5,5,546.181818181818,0.675277359895455,21,21,0.74,4.5,4.5,3.5,4,4,3.5,4,4,4,4,1,1,1,0,0,0,0,0,0,0,0,0,0,0,0,0,0,0,0,0,0,0,0,0,0,0,0,0,0,0,0,0,0,8
"Pollo asado","San Marcos",4,4.2,0,6.25,3.5,546.181818181818,0.675277359895455,21.5,19.5,0.65,2.5,3.5,3,3,5,4.5,3.5,2,5,2.9,0,0,0,0,0,0,0,0,0,0,0,0,0,0,0,0,0,0,0,0,0,0,0,0,0,0,0,0,0,0,0,0,0,8
"California","San Marcos",3.89878048780488,4.17439024390244,0,6.25,3,546.181818181818,0.675277359895455,21,19.5,0.64,3,4,4,3,3.5,4.5,4,4,5,4,0,0,0,0,0,0,0,0,0,0,0,0,0,0,0,0,0,0,0,0,0,0,0,0,0,0,0,0,0,0,0,0,0,8
"California","San Marcos",4,4.1,1,5.99,4,546.181818181818,0.675277359895455,18.5,21,0.65,4,4.5,2.5,2.5,2.5,1.5,3,4,5,3,1,0,0,1,1,1,0,0,0,0,0,0,0,0,0,0,0,0,0,0,0,0,0,0,0,0,0,0,0,0,0,0,0,8
"Al pastor","San Marcos",3.89878048780488,4.17439024390244,0,5.69,3,546.181818181818,0.675277359895455,17.5,23.5,0.77,4,4.5,3,3.5,4,3.5,2.5,4,4.5,4,0,0,1,0,0,0,1,0,0,0,0,0,0,0,0,0,0,0,0,1,1,0,0,0,0,0,0,0,0,0,0,0,0,8
"Tilapia one","UTC",3.5,3.4,1,7.99,3.5,546.181818181818,0.675277359895455,17,20,0.54,1.5,4,3,3,1.5,4.5,2.5,3,1.5,3.2,0,0,1,0,0,0,0,0,0,1,1,0,0,0,0,0,1,0,0,0,0,0,0,0,0,0,0,0,0,0,0,1,0,8
"Surf & Turf","North Park",3.5,4.3,1,8.25,4,546.181818181818,0.675277359895455,19,22.5,0.77,3,2.5,3,3,3,3,3.5,3,3,3,1,1,0,0,0,0,0,0,1,0,1,0,0,0,0,0,0,1,0,0,0,0,0,0,0,0,0,0,0,0,1,0,0,8
"Surf & Turf","North Park",3.89878048780488,4.17439024390244,0,8.25,3,546.181818181818,0.675277359895455,19,24,0.87,5,3,5,4,2,2,5,2,2,2,1,1,0,0,0,0,0,0,1,0,1,0,0,0,0,0,0,1,0,0,0,0,0,0,0,0,0,0,0,0,1,0,0,8
"Surf & Turf","North Park",3.89878048780488,4.17439024390244,0,8.25,3.9,546.181818181818,0.675277359895455,20.0729880478088,22.0989959839357,0.785461847389558,2.1,1.9,2.6,2.4,2.9,3.2,4,2.5,3,2.4,1,1,0,0,0,0,0,0,1,0,1,0,0,0,0,0,0,1,0,0,0,0,0,0,0,0,0,0,0,0,1,0,0,8
"Surf & Turf","North Park",3.89878048780488,4.17439024390244,0,8.25,4,546.181818181818,0.675277359895455,20,22,0.77,3,2.5,2,2.8,3.5,3.5,4,3,4,2.2,1,1,0,0,0,0,0,0,1,0,1,0,0,0,0,0,0,1,0,0,0,0,0,0,0,0,0,0,0,0,1,0,0,8
"Surf & Turf","North Park",3.89878048780488,4.17439024390244,0,8.25,3.5,546.181818181818,0.675277359895455,20,22,0.77,3.6,3.2,3.2,3.5,3.6,3.5,3.34848484848485,3.8,3.9,3.6,1,1,0,0,0,0,0,0,1,0,1,0,0,0,0,0,0,1,0,0,0,0,0,0,0,0,0,0,0,0,1,0,0,8
"Surfin California","North Park",3.89878048780488,4.17439024390244,0,8.25,3,546.181818181818,0.675277359895455,21,24.5,1,3,3,4,3.5,3,2,3.5,3.5,4,3.9,1,1,0,1,1,0,0,0,1,0,0,0,0,0,0,0,0,1,0,0,0,0,0,0,0,0,0,0,0,0,1,0,0,8
"Surfin California","North Park",3.89878048780488,4.17439024390244,0,8.25,4,546.181818181818,0.675277359895455,18.5,25.5,0.96,3.5,2,4,3,5,5,4,4,5,3.5,1,1,0,1,1,0,0,0,1,0,0,0,0,0,0,0,0,1,0,0,0,0,0,0,0,0,0,0,0,0,1,0,0,8
"Surfin California","North Park",3.89878048780488,4.17439024390244,0,8.25,4,546.181818181818,0.675277359895455,20.0729880478088,22.0989959839357,0.785461847389558,4,3,3,3,3,2,3,3,4,3,1,1,0,1,1,0,0,0,1,0,0,0,0,0,0,0,0,1,0,0,0,0,0,0,0,0,0,0,0,0,1,0,0,8
"Surfin California","North Park",3.89878048780488,4.17439024390244,0,8.25,1,546.181818181818,0.675277359895455,20.0729880478088,22.0989959839357,0.785461847389558,3,2,4,3,5,5,4,3.5,5,3.5,1,1,0,1,1,0,0,0,1,0,0,0,0,0,0,0,0,1,0,0,0,0,0,0,0,0,0,0,0,0,1,0,0,8
"Surfin California","North Park",3.89878048780488,4.17439024390244,0,8.25,2,546.181818181818,0.675277359895455,20,24.5,0.96,3.5,2,5,3.5,4,2.5,3.5,3,3.5,3.5,1,1,0,1,1,0,0,0,1,0,0,0,0,0,0,0,0,1,0,0,0,0,0,0,0,0,0,0,0,0,1,0,0,8
"Surfin California","North Park",3.89878048780488,4.17439024390244,0,8.25,3,546.181818181818,0.675277359895455,19,24,0.87,5,4,4,4,3,3,4,4,4,4,1,1,0,1,1,0,0,0,1,0,0,0,0,0,0,0,0,1,0,0,0,0,0,0,0,0,0,0,0,0,1,0,0,8
"Surfin California","North Park",3.89878048780488,4.17439024390244,0,8.25,1,546.181818181818,0.675277359895455,19.5,25.5,1.01,4,3,3.5,3,5,4,2,3,4,3,1,1,0,1,1,0,0,0,1,0,0,0,0,0,0,0,0,1,0,0,0,0,0,0,0,0,0,0,0,0,1,0,0,8
"Nutty","North Park",3.89878048780488,4.17439024390244,0,7.5,3.8,546.181818181818,0.675277359895455,19,25,0.94,3.8,4,4,4,4,4,4.5,4.5,4.5,4.4,0,0,0,1,1,1,0,1,0,0,1,0,0,0,0,0,0,1,0,0,0,0,0,0,0,0,0,0,0,0,0,0,0,8
"Veg Out","North Park",3.89878048780488,4.17439024390244,0,6.95,3,546.181818181818,0.675277359895455,19,23,0.8,5,5,3.59624664879357,5,3.56440318302387,5,4.5,5,3,4.5,0,0,0,0,0,0,0,0,0,0,0,1,1,0,1,0,0,1,0,0,0,0,0,0,0,0,0,0,1,0,1,0,1,8
"Veggie","North Park",3.89878048780488,4.17439024390244,0,5.25,3,546.181818181818,0.675277359895455,19.5,25.5,1.01,4.5,4.5,3.59624664879357,3.5,3.56440318302387,3,4,3.5,5,3.25,0,1,0,0,1,0,0,0,0,0,1,1,1,0,0,0,0,0,0,0,0,0,0,0,0,0,0,0,0,0,0,0,0,8
"Bean and cheese","North Park",3.89878048780488,4.17439024390244,0,3.75,5,546.181818181818,0.675277359895455,18,22,0.69,4,3,3.59624664879357,1,3.56440318302387,3,3,2,3,2,0,0,0,1,0,0,0,0,0,0,0,1,0,0,0,0,0,0,0,0,0,0,0,0,0,0,0,0,0,0,0,0,0,8
"California - Steak","North Park",3.89878048780488,4.17439024390244,0,7.5,2.5,546.181818181818,0.675277359895455,19,23.5,0.83,3,3,5,3.5,3,3.5,4.5,4,4.5,3.9,1,1,0,1,1,1,0,0,0,0,0,0,0,0,0,0,0,0,0,0,0,0,0,0,0,0,0,0,0,0,0,0,0,8
"California - Steak","North Park",3.89878048780488,4.17439024390244,0,7.5,5,546.181818181818,0.675277359895455,17,23,0.72,3.5,3,2,3,3,2,4,2.5,5,3.5,1,1,0,1,1,1,0,0,0,0,0,0,0,0,0,0,0,0,0,0,0,0,0,0,0,0,0,0,0,0,0,0,0,8
"California - Pork Adobada","North Park",3.89878048780488,4.17439024390244,0,7.5,4,546.181818181818,0.675277359895455,18,24.5,0.86,2,3,3,3,4,3,4,3,5,3,0,1,0,1,1,1,1,0,0,0,0,0,0,0,0,0,0,0,0,0,0,0,0,0,0,0,0,0,0,0,0,0,0,8
"California - Pork Adobada","North Park",3.89878048780488,4.17439024390244,0,7.5,4.5,546.181818181818,0.675277359895455,18,26,0.97,3.5,4,4.5,4,3.5,3.5,4,4,4.5,4.25,0,1,0,1,1,1,1,0,0,0,0,0,0,0,0,0,0,0,0,0,0,0,0,0,0,0,0,0,0,0,0,0,0,8
"California - Pork Adobada","North Park",3.89878048780488,4.17439024390244,0,7.5,2,546.181818181818,0.675277359895455,19,25,0.94,4,5,5,4,4.5,4.5,5,4.5,4,4.5,0,1,0,1,1,1,1,0,0,0,0,0,0,0,0,0,0,0,0,0,0,0,0,0,0,0,0,0,0,0,0,0,0,8
"California - Chicken","North Park",3.89878048780488,4.17439024390244,0,7.5,4,546.181818181818,0.675277359895455,20,23.5,0.88,3.5,2.5,3,4.5,3,2,5,4.5,3.5,2.5,0,1,1,1,1,1,0,1,0,0,0,0,0,0,0,0,0,0,0,0,0,0,0,0,0,0,0,0,0,0,0,0,0,8
"California - Chicken","North Park",3.89878048780488,4.17439024390244,0,7.5,3,546.181818181818,0.675277359895455,20,22,0.77,3.5,5,3.5,4,3,3,4,2.5,5,3,0,1,0,1,1,1,0,1,0,0,0,0,0,0,0,0,0,0,0,0,0,0,0,0,0,0,0,0,0,0,0,0,0,8
"Holy Moly","North Park",3.89878048780488,4.17439024390244,0,7.5,5,546.181818181818,0.675277359895455,20.0729880478088,22.0989959839357,0.785461847389558,3.5,2,3.5,3.5,3,4,2,2,4,3.5,0,0,0,1,0,1,0,1,0,0,1,0,0,0,0,0,0,1,0,0,0,0,0,0,0,0,0,0,0,0,0,0,0,8
"Holy Moly","North Park",3.89878048780488,4.17439024390244,0,7.5,3,546.181818181818,0.675277359895455,17,21,0.6,2.5,2.5,3,2,2,1,5,1,5,1.5,0,0,0,1,0,1,0,1,0,0,1,0,0,0,0,0,0,1,0,0,0,0,0,0,0,0,0,0,0,0,0,0,0,8
"Holy Moly","North Park",3.89878048780488,4.17439024390244,0,7.5,4,546.181818181818,0.675277359895455,17.5,21.2,0.63,5,3,5,5,3,2,2,3,5,4,0,0,0,1,0,1,0,1,0,0,1,0,0,0,0,0,0,1,0,0,0,0,0,0,0,0,0,0,0,0,0,0,0,8
"Holy Moly","North Park",3.89878048780488,4.17439024390244,0,7.5,5,546.181818181818,0.675277359895455,19,21,0.67,5,4,2,1,4,3,5,4,2,2,0,0,0,1,0,1,0,1,0,0,1,0,0,0,0,0,0,1,0,0,0,0,0,0,0,0,0,0,0,0,0,0,0,8
"Holy Moly","North Park",3.89878048780488,4.17439024390244,0,7.5,4.5,546.181818181818,0.675277359895455,19.5,19,0.56,4,4,3.5,4.5,4,4,5,4.5,4,4,0,0,0,1,0,1,0,1,0,0,1,0,0,0,0,0,0,1,0,0,0,0,0,0,0,0,0,0,0,0,0,0,0,8
"Adobada","Houston",3.89878048780488,4.17439024390244,0,6.45,3,546.181818181818,0.675277359895455,19.5,21.5,0.72,4,5,3.5,3,3.5,3.5,4,2.5,4,3.5,0,0,1,0,0,0,1,0,0,0,0,0,0,0,0,0,0,0,0,1,1,0,0,0,0,0,0,0,0,0,0,0,0,9
"California","Houston",3.89878048780488,4.17439024390244,0,6.99,4,546.181818181818,0.675277359895455,19.5,22,0.75,3,4.5,4,4,3.5,3,4,4,5,4,1,0,0,1,1,1,0,0,0,0,0,0,0,0,0,0,0,0,0,0,0,0,0,0,0,0,0,0,0,0,0,0,0,9
"California","Clairemont",4,4,0,5.79,4,546.181818181818,0.675277359895455,20.0729880478088,22.0989959839357,0.785461847389558,3,4.5,4,4,4,5,2.5,3,5,3.6,1,0,0,1,1,0,0,0,0,0,0,0,0,0,0,0,0,0,0,0,0,0,0,0,0,0,0,0,0,0,0,0,0,9
"California","Clairemont",3.89878048780488,4.17439024390244,0,5.79,4,546.181818181818,0.675277359895455,20.0729880478088,22.0989959839357,0.785461847389558,4,3,4,2.5,3.5,4,2,2.5,5,3,1,0,0,1,1,0,0,0,0,0,0,0,0,0,0,0,0,0,0,0,0,0,0,0,0,0,0,0,0,0,0,0,0,9
"California + Guac + sour cream","Clairemont",3.89878048780488,4.17439024390244,0,7.29,3.7,546.181818181818,0.675277359895455,20.0729880478088,22.0989959839357,0.785461847389558,3.8,4.7,4,3.5,4.5,4,4,4.5,5,4,1,0,1,1,1,1,0,0,0,0,0,0,0,0,0,0,0,0,0,0,0,0,0,0,0,0,0,0,0,0,0,0,0,9
"Carne asada","Clairemont",3.89878048780488,4.17439024390244,0,5.69,3,546.181818181818,0.675277359895455,20.0729880478088,22.0989959839357,0.785461847389558,4,3,1.5,3,4,4.5,3.5,2,4.5,3,1,0,1,0,0,0,0,0,0,0,0,0,0,0,0,0,0,0,0,0,0,0,0,0,0,0,0,0,0,0,0,0,0,9
"Carnitas","Carlsbad",3,4.2,0,7.15,4,546.181818181818,0.675277359895455,16.5,26.5,0.92,2.5,2.5,3,2.8,2.5,3.5,3.34848484848485,3,3.5,2.75,0,1,0,0,0,1,1,0,0,0,1,1,0,0,1,0,0,0,0,0,0,0,0,0,0,0,0,0,0,0,0,1,0,9
"Al Pastor","Carlsbad",3.89878048780488,4.17439024390244,0,6.99,4,546.181818181818,0.675277359895455,20.0729880478088,22.0989959839357,0.785461847389558,4.5,4,4.5,4.5,4.5,4.5,4.5,5,4,4.5,0,0,0,0,0,0,0,0,0,0,0,0,0,0,0,0,0,0,0,0,0,0,0,0,0,0,0,0,0,0,0,0,0,9
"California","Carlsbad",3.89878048780488,4.17439024390244,0,7.49,4.1,546.181818181818,0.675277359895455,20.0729880478088,22.0989959839357,0.785461847389558,4,4.5,4.5,4.5,4.7,4.5,4.2,4.5,5,4.7,0,0,0,0,0,0,0,0,0,0,0,0,0,0,0,0,0,0,0,0,0,0,0,0,0,0,0,0,0,0,0,0,0,9
"California ","Carlsbad",3.89878048780488,4.17439024390244,0,7.9,3.5,546.181818181818,0.675277359895455,20.5,23,0.86,4,5,4,4,3,4,3.5,4,4,4.2,0,0,0,0,0,0,0,0,0,0,0,0,0,0,0,0,0,0,0,0,0,0,0,0,0,0,0,0,0,0,0,0,0,9
"Local","Carlsbad",3.89878048780488,4.17439024390244,0,7.9,3.5,546.181818181818,0.675277359895455,22,23,0.93,4,3.5,4.5,4.5,3.5,3.5,3.5,4,3,4.3,0,0,0,0,0,0,0,0,0,0,0,0,0,0,0,0,0,0,0,0,0,0,0,0,0,0,0,0,0,0,0,0,0,9
"California ","Hillcrest",4,4.3,0,6.95,3.5,546.181818181818,0.675277359895455,20,21.5,0.74,3.5,3.5,3,4,3,3,4.5,3.5,2,3.6,1,1,1,1,1,1,0,0,0,0,0,0,0,0,0,0,0,0,0,0,0,0,0,0,0,0,0,0,0,0,0,0,0,9
"Pollo adobado","Hillcrest",3.89878048780488,4.17439024390244,0,5.95,4,546.181818181818,0.675277359895455,20.5,20,0.65,3.5,5,4.5,3.5,4,4.5,4.5,4,5,4,0,0,1,0,0,0,1,0,0,0,0,0,0,0,0,0,0,0,0,0,0,0,0,0,0,0,0,0,0,0,0,0,0,9
"Asada","Vista",4,4.4,0,5.49,4,546.181818181818,0.675277359895455,23.5,19,0.68,3,5,3,3,2.5,4,3.5,3,5,3.1,1,0,0,0,0,0,0,0,0,0,1,1,0,0,0,0,0,0,0,1,1,0,0,0,0,0,0,0,0,0,0,0,0,9
"Adobada","Vista",3.89878048780488,4.17439024390244,0,3.99,4.5,546.181818181818,0.675277359895455,22.5,19.5,0.68,3.5,4,3,2.5,2.8,4,2.5,2.5,5,2.6,0,0,0,0,0,0,1,0,0,0,1,1,0,0,0,0,0,0,0,1,1,0,0,0,0,0,0,0,0,0,0,0,0,9
"California","Webster",4.5,4.7,0,6.35,4,546.181818181818,0.675277359895455,20.0729880478088,22.0989959839357,0.785461847389558,4,2.5,4,3,4.5,2,2,3,4,3,1,1,0,0,1,1,0,0,0,0,0,0,0,0,0,0,0,0,0,0,0,0,0,0,0,0,0,0,0,0,0,0,0,9
"Carnitas","UTC",3.5,3.5,0,5.99,2.5,546.181818181818,0.675277359895455,18.5,20,0.59,3.2,3.8,4.5,2.8,4,2,1.8,3.5,5,4,0,1,1,0,0,0,1,0,0,0,0,0,0,0,0,0,0,0,0,0,0,0,0,0,0,0,0,0,0,0,0,0,0,9
"Campeon","UTC",3.89878048780488,4.17439024390244,0,7.65,4.5,546.181818181818,0.675277359895455,26,24.5,1.24,3.5,4.5,2.5,2.5,1,1.5,3,2.5,3,2.7,1,1,1,1,1,1,0,0,0,0,0,0,0,0,0,0,0,0,0,0,0,0,0,0,0,0,0,0,0,0,0,0,0,9
"California","UTC",3.89878048780488,4.17439024390244,0,6.6,3.5,546.181818181818,0.675277359895455,22,23,0.93,4,4.5,4,4,4.5,5,4.5,4.5,4.5,4.25,0,0,0,0,0,0,0,0,0,0,0,0,0,0,0,0,0,0,0,0,0,0,0,0,0,0,0,0,0,0,0,0,0,9
"Bacon breakfast","UTC",3.89878048780488,4.17439024390244,0,6.3,4,546.181818181818,0.675277359895455,22,22,0.85,4,3.6,4,4,4,4,3.34848484848485,4,4,4.2,0,0,0,1,1,0,0,0,0,0,0,0,0,0,0,0,0,0,0,0,0,0,0,0,0,0,0,1,0,1,0,0,0,9
"Carnitas","UTC",3.89878048780488,4.17439024390244,0,6.6,3,546.181818181818,0.675277359895455,20.0729880478088,22.0989959839357,0.785461847389558,4,4,5,5,4.5,3,2,4,4,4,0,1,1,0,0,0,1,0,0,0,0,0,0,0,0,0,0,0,0,0,0,0,0,0,0,0,0,0,0,0,0,0,0,9
"Al pastor","UTC",3.89878048780488,4.17439024390244,0,5.99,4,546.181818181818,0.675277359895455,18,20,0.57,3.5,3.5,2,3,4.5,4.5,3,3,5,3.2,0,1,1,0,0,0,1,0,0,0,0,0,0,0,0,0,0,0,0,0,0,0,0,0,0,0,0,0,0,0,0,0,0,9
"California ","Downtown",4,4,1,7.9,4,546.181818181818,0.675277359895455,20,22,0.77,4,4,4,4,4.5,4,4,4,2.5,4.2,1,1,1,1,1,0,0,0,0,0,0,0,0,0,0,0,0,0,0,0,0,0,0,0,0,0,0,0,0,0,0,0,0,10
"California Chipotle","Downtown",3.89878048780488,4.17439024390244,0,7.9,3,546.181818181818,0.675277359895455,18.5,22,0.71,4,4,3.5,4.5,4,3.5,2.5,4,1.5,4,1,1,1,1,1,0,0,0,0,0,0,0,0,0,0,0,0,1,0,0,0,0,0,0,0,0,0,0,0,0,0,0,0,10
"Carnitas","Morena",4.5,4,1,6.6,3.2,546.181818181818,0.675277359895455,20.0729880478088,22.0989959839357,0.785461847389558,1.4,3.7,3,3.2,4.8,2.4,3,2.9,3,3,0,1,1,0,0,0,1,0,0,0,0,0,0,0,0,0,0,0,0,0,0,0,0,0,0,0,0,0,0,0,0,0,0,10
"Carne asada","Morena",3.89878048780488,4.17439024390244,0,6.6,4,546.181818181818,0.675277359895455,20.0729880478088,22.0989959839357,0.785461847389558,4,3.5,3.5,3.5,4,3,3.5,3.5,4.5,3,1,1,1,0,0,0,0,0,0,0,0,0,0,0,0,0,0,0,0,0,0,0,0,0,0,0,0,0,0,0,0,0,0,10
"California","Oceanside",4,3.8,0,6.1,4,546.181818181818,0.675277359895455,22,22,0.85,3.5,3.5,2,3.5,4.5,3.5,3,3.5,4,3.3,1,0,1,1,1,0,0,0,0,0,0,0,0,0,0,0,0,0,0,0,0,0,0,0,0,0,0,0,0,0,0,0,0,10
"California ","Bonsall",4.2,4,0,6.25,4,546.181818181818,0.675277359895455,22.5,18,0.58,3.5,4,2.5,3,1.5,2.5,2.5,2.8,5,3.2,1,1,1,1,1,1,0,0,0,0,0,0,0,0,0,0,0,0,0,0,0,0,0,0,0,0,0,0,0,0,0,0,0,10
"Dave's California","Miramar",3.5,4.4,0,6.5,4,546.181818181818,0.675277359895455,19.5,21,0.68,3,2.5,2.5,3,4,3.5,2.5,3,5,3.3,1,0,0,1,1,1,0,1,0,0,0,0,0,0,0,0,0,0,0,0,0,0,0,0,0,0,0,0,0,0,0,0,0,10
"California","Miramar",3.89878048780488,4.17439024390244,0,5.5,4,546.181818181818,0.675277359895455,20,20,0.64,3.5,5,3,3,3.5,3.5,2,4,5,3.5,1,0,0,1,1,1,0,0,0,0,0,0,0,0,0,0,0,0,0,0,0,0,0,0,0,0,0,0,0,0,0,0,0,10
"California","Miramar",3.89878048780488,4.17439024390244,0,5.5,2,546.181818181818,0.675277359895455,20,23,0.84,3,5,3,4,2,2,2,4.5,4,3.5,1,0,0,1,1,1,0,0,0,0,0,0,0,0,0,0,0,0,0,0,0,0,0,0,0,0,0,0,0,0,0,0,0,10
"Chicken and rice","Miramar",3.89878048780488,4.17439024390244,0,4.95,3,546.181818181818,0.675277359895455,20.0729880478088,22.0989959839357,0.785461847389558,3.5,5,4,4,3.78,5,3.34848484848485,4.7,5,4.2,0,0,0,0,0,0,0,0,0,0,0,0,0,0,0,0,0,0,0,0,0,0,0,0,0,0,0,0,0,0,0,0,0,10
"California ","Miramar",3.89878048780488,4.17439024390244,0,6.99,3.5,546.181818181818,0.675277359895455,19,20,0.6,3,3,3,3,3.7,3.5,3.8,3,5,3.5,1,0,0,1,1,1,0,0,0,0,0,0,0,0,0,0,0,0,0,0,0,0,0,0,0,0,0,0,0,0,0,0,0,10
"Fajitas ","La  Jolla village",3.89878048780488,4.17439024390244,0,6.5,3,546.181818181818,0.675277359895455,18.5,20.5,0.62,3,4.5,3.5,1.5,1.5,2,3.2,2,4.5,2.2,1,0,0,1,0,0,0,0,0,0,0,0,0,0,1,0,0,0,0,0,1,0,0,0,0,0,0,0,0,0,0,0,0,10
"California ","La  Jolla village",3.89878048780488,4.17439024390244,0,5.5,3,546.181818181818,0.675277359895455,17,22,0.65,3,4,4.5,3,2,4,4.5,3.5,4.5,3.5,0,0,0,0,0,0,0,0,0,0,0,0,0,0,0,0,0,0,0,0,0,0,0,0,0,0,0,0,0,0,0,0,0,10
"Breakfast","La  Jolla village",3.89878048780488,4.17439024390244,0,4.99,4,546.181818181818,0.675277359895455,20.0729880478088,22.0989959839357,0.785461847389558,4.5,5,3,3,3,2.5,0,2.5,5,3,0,0,0,0,0,0,0,0,0,0,0,0,0,0,0,0,0,0,0,0,0,0,0,0,0,0,0,0,0,0,0,0,0,10
"California Everything","La  Jolla village",3.89878048780488,4.17439024390244,0,6.95,4,546.181818181818,0.675277359895455,22,23,0.93,4,2,4,3,4,5,3,3,4,4,0,0,0,0,0,0,0,0,0,0,0,0,0,0,0,0,0,0,0,0,0,0,0,0,0,0,0,0,0,0,0,0,0,10
"Surf & Turf","La  Jolla village",3.89878048780488,4.17439024390244,0,7,4,546.181818181818,0.675277359895455,22.5,21,0.79,3,3,3.5,4,4,3,3,4,3.5,5,0,0,0,0,0,0,0,0,0,0,0,0,0,0,0,0,0,0,0,0,0,0,0,0,0,0,0,0,0,0,0,0,0,10
"Carnitas","La  Jolla village",3.89878048780488,4.17439024390244,0,5.95,3,546.181818181818,0.675277359895455,18,20,0.57,4,3,4,3,4,2,3.5,3,5,3.9,0,1,1,0,0,0,1,0,0,0,0,0,0,0,0,0,0,0,0,0,0,0,0,0,0,0,0,0,0,0,0,0,0,10
"Tejano","La  Jolla village",3.89878048780488,4.17439024390244,0,6.99,3.5,546.181818181818,0.675277359895455,19,21,0.67,2,5,4.2,3,4.7,5,3.7,4.2,5,4,0,0,0,1,1,0,0,1,0,0,0,0,0,0,0,0,0,0,0,0,0,0,0,0,0,0,0,0,0,0,0,0,0,10
"Al pastor","La  Jolla village",3.89878048780488,4.17439024390244,0,7.04828042328042,4.5,546.181818181818,0.675277359895455,20.0729880478088,22.0989959839357,0.785461847389558,3,4,4,4,4,4,4,4,3,4,0,1,0,0,0,0,1,0,0,0,0,1,0,0,0,0,0,0,0,0,0,0,0,0,0,0,0,0,0,0,0,0,0,10
"Shrimp with guac","La  Jolla village",3.89878048780488,4.17439024390244,0,7.04828042328042,2,546.181818181818,0.675277359895455,20.0729880478088,22.0989959839357,0.785461847389558,2,4,3,4,4,4,3,4,4,3,0,0,0,0,0,0,0,0,0,0,0,0,0,0,0,0,0,0,0,0,0,0,0,0,0,0,0,0,0,0,0,0,0,10
"Bean & cheese","La  Jolla village",3.89878048780488,4.17439024390244,0,7.04828042328042,3,546.181818181818,0.675277359895455,20.0729880478088,22.0989959839357,0.785461847389558,5,5,3.59624664879357,3,2,2,3.34848484848485,1,5,2,0,0,0,1,0,0,0,0,0,0,0,1,0,0,0,0,0,0,0,0,0,0,0,0,0,0,0,0,0,0,0,0,0,10
"California ","Encinitas ",4,4.4,0,7.49,4,546.181818181818,0.675277359895455,17.5,23.5,0.77,2,3.5,4.2,4.3,4,2.2,4.5,4,2.2,4.2,0,0,0,0,0,0,0,0,0,0,0,0,0,0,0,0,0,0,0,0,0,0,0,0,0,0,0,0,0,0,0,0,0,10
"California ","Encinitas ",3.89878048780488,4.17439024390244,0,7.49,2,546.181818181818,0.675277359895455,18.5,22,0.71,3.8,3.8,4,4.2,3.75,4,4.75,4.4,3.8,4.2,0,0,0,0,0,0,0,0,0,0,0,0,0,0,0,0,0,0,0,0,0,0,0,0,0,0,0,0,0,0,0,0,0,10
"Al pastor ","Encinitas ",3.89878048780488,4.17439024390244,0,5.99,4,546.181818181818,0.675277359895455,19.5,21.5,0.72,3,4.5,3.7,2.8,5,4.5,3,2.3,4.5,3,0,1,1,0,0,0,1,0,0,0,0,0,0,0,0,0,0,0,0,0,0,0,0,0,0,0,0,0,0,0,0,0,0,11
"Carne asada","Encinitas ",3.89878048780488,4.17439024390244,0,5.99,2,546.181818181818,0.675277359895455,21,23.5,0.92,2,4,4.5,4,4,3,4,4,2,4,1,1,1,0,0,0,0,0,0,0,0,0,0,0,0,0,0,0,0,0,0,0,0,0,0,0,0,0,0,0,0,0,0,11
"California","Pacific Beach",4,4.2,0,6.39,4,546.181818181818,0.675277359895455,20,21,0.7,4,4,4,4,4.5,4.5,4.2,4.5,4.5,4.25,0,0,0,0,0,0,0,0,0,0,0,0,0,0,0,0,0,0,0,0,0,0,0,0,0,0,0,0,0,0,0,0,0,11
"California chicken","Pacific Beach",3.89878048780488,4.17439024390244,0,6.39,4.25,546.181818181818,0.675277359895455,22,22,0.85,2,4,3.7,2,4,4.5,4.5,2.7,5,2.66,0,0,0,0,0,0,0,0,0,0,0,0,0,0,0,0,0,0,0,0,0,0,0,0,0,0,0,0,0,0,0,0,0,11
"California","Pacific Beach",3.89878048780488,4.17439024390244,0,6.39,4.5,546.181818181818,0.675277359895455,22.5,20.5,0.75,3,4.4,4,4,4.5,4.2,4.3,4,5,4.2,0,0,0,0,0,0,0,0,0,0,0,0,0,0,0,0,0,0,0,0,0,0,0,0,0,0,0,0,0,0,0,0,0,11
"California","Pacific Beach",3.89878048780488,4.17439024390244,0,6.39,4.75,546.181818181818,0.675277359895455,20.5,20.5,0.69,2,3.74109589041096,3.5,3,5,4,2,3.5,3.5,3.5,0,0,0,0,0,0,0,0,0,0,0,0,0,0,0,0,0,0,0,0,0,0,0,0,0,0,0,0,0,0,0,0,0,11
"Mahi","Clairemont",4,4.4,1,7.35,2.3,546.181818181818,0.675277359895455,19.5,23.5,0.86,4,4,3.5,2,1.5,2,2,3,1.2,3.1,0,0,1,0,0,0,0,0,0,1,0,0,0,1,0,0,1,0,0,0,0,0,0,0,0,0,0,0,0,0,0,0,0,11
"Carnitas","Clairemont",3.89878048780488,4.17439024390244,0,6.7,3.75,546.181818181818,0.675277359895455,18,22.5,0.73,3.5,4,4,3,3.75,4,3,3.5,4.5,3.75,0,1,1,0,0,0,1,0,0,0,0,0,0,0,0,0,0,0,0,0,0,0,0,0,0,0,0,0,0,0,0,0,0,11
"California","Clairemont",3.89878048780488,4.17439024390244,0,6.25,4,546.181818181818,0.675277359895455,17,19.5,0.51,2.5,4,3.75,4,3.75,5,4,4,5,3.9,1,1,1,1,1,1,0,0,0,0,0,0,0,0,0,0,0,0,0,0,0,0,0,0,0,0,0,0,0,0,0,0,0,11
"California","Clairemont",3.89878048780488,4.17439024390244,0,6.25,4,546.181818181818,0.675277359895455,17,22,0.65,3,3.74109589041096,4,4,4,4,2,3,5,4,1,1,1,1,1,1,0,0,0,0,0,0,0,0,0,0,0,0,0,0,0,0,0,0,0,0,0,0,0,0,0,0,0,11
"California","Clairemont",3.89878048780488,4.17439024390244,0,6.25,3,546.181818181818,0.675277359895455,20.0729880478088,22.0989959839357,0.785461847389558,4,4,2,2,4,3,3,3,5,3,1,1,1,1,1,1,0,0,0,0,0,0,0,0,0,0,0,0,0,0,0,0,0,0,0,0,0,0,0,0,0,0,0,11
"Carne asada supreme","Clairemont",3.89878048780488,4.17439024390244,0,6.25,4,546.181818181818,0.675277359895455,18,21,0.63,4,4,3.59624664879357,3.5,3.5,4,4,4,4,4,0,0,0,0,0,0,0,0,0,0,0,0,0,0,0,0,0,0,0,0,0,0,0,0,0,0,0,0,0,0,0,0,0,11
"Cali Diablo","Downtown",4.5,3.9,0,10.5,3,546.181818181818,0.675277359895455,20,27,1.16,2,2.5,3.3,3.5,1.5,4,2.5,2.5,3,3.1,1,1,1,1,1,1,0,0,1,0,0,0,0,0,0,0,0,1,0,0,0,0,0,0,0,0,0,0,0,0,0,0,0,11
"Carne asada","Downtown",3.89878048780488,4.17439024390244,0,6.75,3,546.181818181818,0.675277359895455,18,21.5,0.66,4.5,4.7,4.5,3.5,4,4.5,4.5,3.5,5,4.2,1,0,1,0,0,0,0,0,0,0,0,0,0,0,0,0,0,0,0,0,0,0,0,0,0,0,0,0,0,0,0,0,0,11
"Pork california","Downtown",3.89878048780488,4.17439024390244,0,7.9,4,546.181818181818,0.675277359895455,19,22,0.73,5,5,4,5,5,3,4,5,3,5,0,0,0,0,0,0,0,0,0,0,0,0,0,0,0,0,0,0,0,0,0,0,0,0,0,0,0,0,0,0,0,0,0,11
"California","Downtown",3.89878048780488,4.17439024390244,0,7.9,4,546.181818181818,0.675277359895455,20,22,0.77,3,5,5,4,5,4,3,5,2,4.5,0,0,0,0,0,0,0,0,0,0,0,0,0,0,0,0,0,0,0,0,0,0,0,0,0,0,0,0,0,0,0,0,0,11
"California","Downtown",3.89878048780488,4.17439024390244,0,7.9,4,546.181818181818,0.675277359895455,20,21.5,0.74,4,4,3,4,4,4,3,3,4,4,0,0,0,0,0,0,0,0,0,0,0,0,0,0,0,0,0,0,0,0,0,0,0,0,0,0,0,0,0,0,0,0,0,11
"California","Downtown",3.89878048780488,4.17439024390244,0,7.9,3.5,546.181818181818,0.675277359895455,20.0729880478088,22.0989959839357,0.785461847389558,4,3.5,4.7,4,4.5,4.5,4.5,4,3.5,4.7,0,0,0,0,0,0,0,0,0,0,0,0,0,0,0,0,0,0,0,0,0,0,0,0,0,0,0,0,0,0,0,0,0,11
"California ","Downtown",3.89878048780488,4.17439024390244,0,6.99,4.3,546.181818181818,0.675277359895455,20.0729880478088,22.0989959839357,0.785461847389558,4.8,5,4,4.4,5,4,4.3,4.3,5,4.5,1,0,0,1,1,1,0,0,0,0,0,0,0,0,0,0,0,0,0,0,0,0,0,0,0,0,0,0,0,0,0,0,0,11
"California ","Downtown",3.89878048780488,4.17439024390244,0,6.99,4,546.181818181818,0.675277359895455,20.0729880478088,22.0989959839357,0.785461847389558,4.5,4.5,4,4.5,4,4,3.5,4.5,5,4.5,1,0,0,1,1,1,0,0,0,0,0,0,0,0,0,0,0,0,0,0,0,0,0,0,0,0,0,0,0,0,0,0,0,11
"California","Hillcrest",3,3.4,1,6.25,3,546.181818181818,0.675277359895455,18,21.5,0.66,3.5,5,4,3,4,3,3.5,3.5,3,3.7,1,1,0,1,1,1,0,0,0,0,0,0,0,0,0,0,0,0,0,0,0,0,0,0,0,0,0,0,0,0,0,0,0,11
"Bitchin California","Hillcrest",3.89878048780488,4.17439024390244,0,7.25,4,546.181818181818,0.675277359895455,19,24,0.87,4,4,5,4.5,4,3.5,5,4.5,5,4.4,1,0,1,1,1,0,0,0,1,0,0,0,1,1,0,0,0,0,0,0,0,0,0,0,0,0,0,0,0,0,0,0,0,11
"Tijuana","Hillcrest",3.89878048780488,4.17439024390244,0,7,3.5,546.181818181818,0.675277359895455,19.5,22,0.75,4,4,3.5,4,4,3.5,4.5,4,3.5,3.7,0,0,0,0,0,0,0,0,0,0,0,0,0,0,0,0,0,0,0,0,0,0,0,0,0,0,0,0,0,0,0,0,0,11
"Combo chicken","Hillcrest",3.89878048780488,4.17439024390244,0,6.99,3.5,546.181818181818,0.675277359895455,20.5,22.5,0.83,3.5,2.5,4,3.5,3,2.5,2.5,4.5,0.5,3.8,0,0,0,0,0,0,0,0,0,0,0,0,0,0,0,0,0,0,0,0,0,0,0,0,0,0,0,0,0,0,0,0,0,11
"Carne asada","Hillcrest",3.89878048780488,4.17439024390244,0,6.49,3,546.181818181818,0.675277359895455,17.5,17,0.4,3.5,4,3,4,3.5,4,3,4,4.5,3.5,0,0,0,0,0,0,0,0,0,0,0,0,0,0,0,0,0,0,0,0,0,0,0,0,0,0,0,0,0,0,0,0,0,11
"Chicken avocado","Oceanside",3.5,4.1,0,5.99,3.5,546.181818181818,0.675277359895455,17.5,21,0.61,2,3,3.8,2.5,2.5,3,2.5,3,2.6,3.2,0,0,1,0,0,0,0,1,0,0,0,0,0,0,0,0,1,0,0,1,0,0,0,0,0,0,0,0,0,0,0,0,0,11
"California ","South Park",4,4.3,0,5.65,3,546.181818181818,0.675277359895455,19.5,22,0.75,4,1.5,2,3,4.2,4,3,2,4.5,2.7,0,0,0,0,0,0,0,0,0,0,0,0,0,0,0,0,0,0,0,0,0,0,0,0,0,0,0,0,0,0,0,0,0,12
"Cabeza","South Park",3.89878048780488,4.17439024390244,0,5.49,3,546.181818181818,0.675277359895455,19,20.5,0.64,4.5,5,2,2,2.5,3.5,3,2.5,3,2,0,0,0,0,0,0,0,0,0,0,0,0,0,0,0,0,0,0,0,0,0,0,0,0,0,0,0,0,0,0,0,0,0,12
"California","Mission Beach",3.5,3.7,0,7.75,4,546.181818181818,0.675277359895455,20,21,0.7,3.5,2.5,3,3.3,1.4,2.3,2.2,3.3,4.5,2.9,1,1,0,1,1,1,0,0,0,0,0,0,0,0,0,0,0,0,0,0,0,0,0,0,0,0,0,0,0,0,0,0,0,12
"Carne asada","Mission Beach",3.89878048780488,4.17439024390244,0,7.75,4,546.181818181818,0.675277359895455,19.5,21,0.68,4,4.5,2,2,3.5,3.5,2,2,4,3,1,1,1,0,0,0,0,0,0,0,0,0,0,0,0,0,0,0,0,0,0,0,0,0,0,0,0,0,0,0,0,0,0,12
"California","Clairemont",3.89878048780488,4.17439024390244,0,6.6,3.49989528795812,546.181818181818,0.675277359895455,23,20.5,0.77,4,4.5,4,3.5,3.5,5,1.5,3.5,4.5,3.7,0,0,0,0,0,0,0,0,0,0,0,0,0,0,0,0,0,0,0,0,0,0,0,0,0,0,0,0,0,0,0,0,0,1
"Chile Relleno","Clairemont",3.89878048780488,4.17439024390244,0,6.6,3.49989528795812,546.181818181818,0.675277359895455,20.5,21.5,0.75,4,2,3.59624664879357,4,3.56440318302387,4.6,4.2,3.75,5,3.9,0,0,0,0,0,0,0,0,0,0,0,0,0,0,0,0,0,0,0,0,0,0,0,0,0,0,0,0,0,0,0,0,0,1
"Fusion","Clairemont",3.89878048780488,4.17439024390244,0,8.5,3.9,546.181818181818,0.675277359895455,21,21,0.74,3,4.5,4.1,3,3.7,4,4.3,4.2,5,3.9,0,0,0,0,0,0,0,0,0,0,0,0,0,0,0,0,0,0,0,0,0,0,0,0,0,0,0,0,0,0,0,0,0,1
"Local","Clairemont",3.89878048780488,4.17439024390244,0,7.9,4,546.181818181818,0.675277359895455,20.5,21,0.72,3.5,4,4,3,4,4.5,4,3.8,4.8,3.8,0,0,0,0,0,0,0,0,0,0,0,0,0,0,0,0,0,0,0,0,0,0,0,0,0,0,0,0,0,0,0,0,0,1
"Chicken","Clairemont",3.89878048780488,4.17439024390244,0,4.99,3.5,546.181818181818,0.675277359895455,18.5,22.5,0.75,2.5,4.5,3,2.5,3,3,2,2,4,3,0,0,0,0,0,0,0,0,0,0,0,0,0,0,0,0,0,0,0,0,0,0,0,0,0,0,0,0,0,0,0,0,0,1
"Hot cheetos","Linda Vista",3.5,4.5,1,7.29,3.5,546.181818181818,0.675277359895455,19,21.5,0.7,3,2,3.5,3.5,3,2.5,3.7,3.2,4.2,3.7,0,0,0,0,0,0,0,0,0,0,0,0,0,0,0,0,0,0,0,0,0,0,0,0,0,0,0,0,0,0,0,0,0,1
"Surfin California","Linda Vista",3.89878048780488,4.17439024390244,0,7.89,3,546.181818181818,0.675277359895455,18.5,25.5,0.96,4,5,4.5,4,4.5,3.5,3,4.5,2.5,4.25,0,0,0,0,0,0,0,0,0,0,0,0,0,0,0,0,0,0,0,0,0,0,0,0,0,0,0,0,0,0,0,0,0,1
"California","Linda Vista",3.89878048780488,4.17439024390244,0,7.49,3.7,546.181818181818,0.675277359895455,20,26,1.08,4,3.5,3.9,4,3.7,2,3.5,4,4,3.9,0,0,0,0,0,0,0,0,0,0,0,0,0,0,0,0,0,0,0,0,0,0,0,0,0,0,0,0,0,0,0,0,0,1
"Spicy a la Diabla","Linda Vista",3.89878048780488,4.17439024390244,0,7.49,5,546.181818181818,0.675277359895455,18,22,0.69,4,4,4,2,3,0,3.34848484848485,1,2,2,0,0,0,0,0,0,0,0,0,0,0,0,0,0,0,0,0,0,0,0,0,0,0,0,0,0,0,0,0,0,0,0,0,1
"Local","Linda Vista",3.89878048780488,4.17439024390244,0,7.9,3.5,546.181818181818,0.675277359895455,21.5,23.5,0.94,4.5,5,4,3.5,4,2.8,4,4.5,3.7,4.2,0,0,0,0,0,0,0,0,0,0,0,0,0,0,0,0,0,0,0,0,0,0,0,0,0,0,0,0,0,0,0,0,0,1
"Local","Linda Vista",3.89878048780488,4.17439024390244,0,7.9,2,546.181818181818,0.675277359895455,19.5,24,0.89,4.2,4,4.2,3.8,4,3,3.8,4.5,5,4.2,0,0,0,0,0,0,0,0,0,0,0,0,0,0,0,0,0,0,0,0,0,0,0,0,0,0,0,0,0,0,0,0,0,1
"Pollo asado","Linda Vista",3.89878048780488,4.17439024390244,0,5.99,4.5,546.181818181818,0.675277359895455,18.5,21,0.65,2,4,2.5,3.5,4.5,3,2,1.5,3.4,3.1,0,0,0,0,0,0,0,0,0,0,0,0,0,0,0,0,0,0,0,0,0,0,0,0,0,0,0,0,0,0,0,0,0,1
"Al pastor","Linda Vista",3.89878048780488,4.17439024390244,0,6.99,3.5,546.181818181818,0.675277359895455,18.5,20.5,0.62,2.5,4.5,4,4,2,3,3,3,4,3,0,0,0,0,0,0,0,0,0,0,0,0,0,0,0,0,0,0,0,0,0,0,0,0,0,0,0,0,0,0,0,0,0,1
"California","Linda Vista",3.89878048780488,4.17439024390244,0,6.85,3.5,546.181818181818,0.675277359895455,20.0729880478088,22.0989959839357,0.785461847389558,3,2,3.5,3.5,4,3,3.5,3.5,4.5,3.6,0,0,0,0,0,0,0,0,0,0,0,0,0,0,0,0,0,0,0,0,0,0,0,0,0,0,0,0,0,0,0,0,0,2
"California","Linda Vista",3.89878048780488,4.17439024390244,0,6.85,4,546.181818181818,0.675277359895455,20.0729880478088,22.0989959839357,0.785461847389558,5,5,4.5,4,5,4,4,5,5,4.3,0,0,0,0,0,0,0,0,0,0,0,0,0,0,0,0,0,0,0,0,0,0,0,0,0,0,0,0,0,0,0,0,0,2
"California","Linda Vista",3.89878048780488,4.17439024390244,0,7.04828042328042,4.3,546.181818181818,0.675277359895455,18.5,21.5,0.68,3,3,3.5,4,3,1.5,3.8,4,5,4,0,0,0,0,0,0,0,0,0,0,0,0,0,0,0,0,0,0,0,0,0,0,0,0,0,0,0,0,0,0,0,0,0,2
"California","Clairemont",4,4,0,7.19,4.5,546.181818181818,0.675277359895455,20,24,0.92,4,2,3,3.8,3.5,2,4,4,4,3.5,0,0,0,0,0,0,0,0,0,0,0,0,0,0,0,0,0,0,0,0,0,0,0,0,0,0,0,0,0,0,0,0,0,2
"Local","Clairemont",3.89878048780488,4.17439024390244,0,7.9,2.5,546.181818181818,0.675277359895455,22,22,0.85,3,4.5,4.3,4,3,3.1,3.9,4.2,3,4.1,0,0,0,0,0,0,0,0,0,0,0,0,0,0,0,0,0,0,0,0,0,0,0,0,0,0,0,0,0,0,0,0,0,2
"Local","Clairemont",3.89878048780488,4.17439024390244,0,7.9,3,546.181818181818,0.675277359895455,21,24,0.96,3,3.5,4.5,4,4,4,4,4,3.5,4,0,0,0,0,0,0,0,0,0,0,0,0,0,0,0,0,0,0,0,0,0,0,0,0,0,0,0,0,0,0,0,0,0,2
"Local","Clairemont",3.89878048780488,4.17439024390244,0,7.9,3,546.181818181818,0.675277359895455,20.0729880478088,22.0989959839357,0.785461847389558,3.5,4,4,4,4.5,3.5,4,3.5,4,4,0,0,0,0,0,0,0,0,0,0,0,0,0,0,0,0,0,0,0,0,0,0,0,0,0,0,0,0,0,0,0,0,0,2
"Carnitas","Encinitas",4,4.7,0,7.35,3.5,415,0.6916666667,21,19,0.6,3.5,3,3.5,3,4.5,4.5,4,4,5,3.75,0,0,0,0,0,0,0,0,0,0,0,0,0,0,0,0,0,0,0,0,0,0,0,0,0,0,0,0,0,0,0,0,0,3
"California","Encinitas",3.89878048780488,4.17439024390244,0,6.35,3.5,425,0.7083333333,19,20,0.6,4,3,3,3,2.5,3,3.5,2.8,5,3.1,0,0,0,0,0,0,0,0,0,0,0,0,0,0,0,0,0,0,0,0,0,0,0,0,0,0,0,0,0,0,0,0,0,3
"California","Encinitas",3.89878048780488,4.17439024390244,0,7.5,4,546.181818181818,0.675277359895455,20.0729880478088,22.0989959839357,0.785461847389558,3,3.74109589041096,4,4,3,5,3,4,5,4.1,0,0,0,0,0,0,0,0,0,0,0,0,0,0,0,0,0,0,0,0,0,0,0,0,0,0,0,0,0,0,0,0,0,3
"California everything","Encinitas",3.89878048780488,4.17439024390244,0,6.5,4.5,520,0.6265060241,22.5,21.5,0.83,4.5,3,3.5,4.5,3.5,4,3.5,4.3,4.3,4.1,0,0,0,0,0,0,0,0,0,0,0,0,0,0,0,0,0,0,0,0,0,0,0,0,0,0,0,0,0,0,0,0,0,4
"California everything","Encinitas",3.89878048780488,4.17439024390244,0,6.5,4,476,0.56,23,21.5,0.85,4,3.5,4.5,4,3.5,4.5,4,4,4.5,4,0,0,0,0,0,0,0,0,0,0,0,0,0,0,0,0,0,0,0,0,0,0,0,0,0,0,0,0,0,0,0,0,0,4
"California everything mini","Encinitas",3.89878048780488,4.17439024390244,0,4.75,4,546.181818181818,0.675277359895455,18,17,0.41,4,4,4.5,4.3,4.5,4.5,4.8,4.8,5,4.5,0,0,0,0,0,0,0,0,0,0,0,0,0,0,0,0,0,0,0,0,0,0,0,0,0,0,0,0,0,0,0,0,0,4
"Surf & Turf","Encinitas",3.89878048780488,4.17439024390244,0,6.75,4,560,0.5656565657,24.5,22.5,0.99,4,4,4,3.5,3.5,3,2,3.5,3.5,3.5,0,0,0,0,0,0,0,0,0,0,0,0,0,0,0,0,0,0,0,0,0,0,0,0,0,0,0,0,0,0,0,0,0,4
"California everything","Encinitas",3.89878048780488,4.17439024390244,0,6.5,4,546.181818181818,0.675277359895455,21.3,23.8,0.96,3,3,4,4,4,4,3,4,4,4,0,0,0,0,0,0,0,0,0,0,0,0,0,0,0,0,0,0,0,0,0,0,0,0,0,0,0,0,0,0,0,0,0,4
"Surf & Turf","Encinitas",3.89878048780488,4.17439024390244,0,6.75,4,546.181818181818,0.675277359895455,20.0729880478088,22.0989959839357,0.785461847389558,3,5,5,3.52754569190601,3.56440318302387,5,3.34848484848485,4,5,4.5,0,0,0,0,0,0,0,0,0,0,0,0,0,0,0,0,0,0,0,0,0,0,0,0,0,0,0,0,0,0,0,0,0,4
"California","Clairemont",4,4.1,1,7.1,4,546.181818181818,0.675277359895455,22.5,23,0.95,4.5,5,3.8,3.8,4,4,3.9,4.3,5,4.3,1,0,0,1,1,1,0,0,0,0,0,0,0,0,0,0,0,0,0,0,0,0,0,0,0,0,0,0,0,0,0,0,0,4
"Surf & Turf","Clairemont",3.89878048780488,4.17439024390244,0,8.25,3.5,546.181818181818,0.675277359895455,20,24,0.92,3.5,4,4,3,3.5,4.5,3.5,3.5,5,3.6,1,0,1,0,0,0,0,0,1,0,1,0,0,0,0,0,0,1,0,0,0,0,0,0,0,0,0,0,0,0,0,0,0,4
"Carnitas","Clairemont",3.89878048780488,4.17439024390244,0,5.99,4,450,0.703125,20,20,0.64,2,4.5,4.5,3,3.8,4.4,2.5,3.5,3,4,0,1,1,0,0,0,1,0,0,0,0,0,0,0,0,0,0,0,0,0,0,0,0,0,0,0,0,0,0,0,0,0,0,4
"Carnitas","Clairemont",3.89878048780488,4.17439024390244,0,5.99,4,546.181818181818,0.675277359895455,18.5,20,0.59,4,4,4,3,4,3.5,2.5,3.5,5,3.5,0,1,1,0,0,0,1,0,0,0,0,0,0,0,0,0,0,0,0,0,0,0,0,0,0,0,0,0,0,0,0,0,0,4
"TGunz","Clairemont",3.89878048780488,4.17439024390244,0,10,3,920,0.5974025974,23,29,1.54,3,4,3.2,3.5,1.8,1.8,3.5,3.7,3.5,3.9,0,0,0,0,0,0,0,0,0,0,0,0,0,0,0,0,0,0,0,0,0,0,0,0,0,0,0,0,0,0,0,0,0,4
"TGunz","Clairemont",3.89878048780488,4.17439024390244,0,10,4.2,925,0.6006493506,23,29,1.54,3,4.5,3.5,3.5,2.5,2,3,3.5,4.5,3.5,0,0,0,0,0,0,0,0,0,0,0,0,0,0,0,0,0,0,0,0,0,0,0,0,0,0,0,0,0,0,0,0,0,4
"Adobada","Encinitas",3,3.8,0,6.25,4.4,546.181818181818,0.675277359895455,20.0729880478088,22.0989959839357,0.785461847389558,4.2,4.5,4,3,5,3.8,2.5,3,5,3.7,0,1,1,0,0,0,1,0,0,0,0,0,0,0,0,0,0,0,0,0,0,0,0,0,0,0,0,0,0,0,0,0,0,5
"California","Encinitas",3.89878048780488,4.17439024390244,0,6.25,3,546.181818181818,0.675277359895455,20.0729880478088,22.0989959839357,0.785461847389558,4.5,4.5,3.7,3.5,4,3.5,3,4,4.5,4,0,0,0,0,0,0,0,0,0,0,0,0,0,0,0,0,0,0,0,0,0,0,0,0,0,0,0,0,0,0,0,0,0,5
"California","La Jolla",4,4.5,0,7.75,5,546.181818181818,0.675277359895455,18,22.5,0.73,3.5,4.2,3.3,3.7,4,4,2.9,3,5,3.7,1,1,0,1,1,1,0,0,0,0,0,0,0,0,0,0,0,0,0,0,0,0,0,0,0,0,0,0,0,0,0,0,0,5
"California","La Jolla",3.89878048780488,4.17439024390244,0,7.75,2.5,546.181818181818,0.675277359895455,20,22.5,0.81,4,4,2.6,3.6,4,4,3.6,4,4,2.9,1,1,0,1,1,1,0,0,0,0,0,0,0,0,0,0,0,0,0,0,0,0,0,0,0,0,0,0,0,0,0,0,0,5
"Al pastor tradicional ","Oceanside",4.5,5,0,8.25,3.8,430,0.6323529412,22.5,19.5,0.68,4,3.74109589041096,4,3,3,2.5,4,3,5,3.6,0,1,1,0,0,0,1,0,0,0,0,0,0,0,0,0,0,0,0,0,0,0,0,0,0,0,0,0,0,0,0,0,0,5
"Grilled fish salmon","Oceanside",3.89878048780488,4.17439024390244,0,8.99,4,350,0.7446808511,15.5,19.5,0.47,3.5,3,3.5,3.5,4,2,4,4,4,3.4,0,0,0,0,0,0,0,0,0,1,1,0,0,0,0,0,1,0,0,0,0,0,0,0,0,0,0,0,0,0,0,1,0,5
"California","Oceanside",3.89878048780488,4.17439024390244,0,6.85,4,546.181818181818,0.675277359895455,23.5,23,0.99,3.5,5,3.3,3,5,2,3,3.8,3.5,3.9,0,0,0,0,0,0,0,0,0,0,0,0,0,0,0,0,0,0,0,0,0,0,0,0,0,0,0,0,0,0,0,0,0,5
"California","Oceanside",3.89878048780488,4.17439024390244,0,6.85,4,546.181818181818,0.675277359895455,23.5,23.5,1.03,4,5,4,4,5,3.5,2,3.5,4,4,0,0,0,0,0,0,0,0,0,0,0,0,0,0,0,0,0,0,0,0,0,0,0,0,0,0,0,0,0,0,0,0,0,5
"California","Oceanside",3.89878048780488,4.17439024390244,0,7.4,3.3,546.181818181818,0.675277359895455,19.5,24.5,0.93,5,4,4.2,3.5,2.9,3,4,4,4,4,0,0,0,0,0,0,0,0,0,0,0,0,0,0,0,0,0,0,0,0,0,0,0,0,0,0,0,0,0,0,0,0,0,5
"California","Oceanside",3.89878048780488,4.17439024390244,0,7.4,3.5,546.181818181818,0.675277359895455,19.5,26.5,1.09,4.5,4,4,3.5,3,3,2.5,4,3.8,3.8,0,0,0,0,0,0,0,0,0,0,0,0,0,0,0,0,0,0,0,0,0,0,0,0,0,0,0,0,0,0,0,0,0,5
"Cheese steak","Oceanside",3.89878048780488,4.17439024390244,0,9.95,4.2,600,0.7792207792,22,21,0.77,3.5,5,3,1.5,3,2.5,3,2.2,2.5,2.8,0,0,0,0,0,0,0,0,0,0,0,0,0,0,0,0,0,0,0,0,0,0,0,0,0,0,0,0,0,0,0,0,0,5
"Asada","Hillcrest",4,4.2,0,7,3.5,450,0.625,19.5,21.5,0.72,4,4,2,2.5,4.5,4,3,2.9,4.5,2.8,1,1,1,0,0,0,0,0,0,0,0,0,0,0,0,0,0,0,0,0,0,0,0,0,0,0,0,0,0,0,0,0,0,5
"California Surf and Turf","Hillcrest",3.89878048780488,4.17439024390244,0,9,3,546.181818181818,0.675277359895455,24,22,0.92,3.5,4,4,4,4.5,4.5,2,3.5,4,4,0,0,0,0,0,0,0,0,0,0,0,0,0,0,0,0,0,0,0,0,0,0,0,0,0,0,0,0,0,0,0,0,0,5
"California","Hillcrest",3.89878048780488,4.17439024390244,0,7,3.5,546.181818181818,0.675277359895455,23,21.5,0.85,3,3,2,2,3,2,3,2,3,2.2,1,0,0,1,1,1,0,0,0,0,0,0,0,0,0,0,0,0,0,0,0,0,0,0,0,0,0,0,0,0,0,0,0,5
"Shrimp california","Hillcrest",3.89878048780488,4.17439024390244,0,6.99,4,580,0.8656716418,21,20,0.67,3,4,4,2.5,2.5,3,3,3,5,3,0,0,0,0,0,0,0,0,0,0,0,0,0,0,0,0,0,0,0,0,0,0,0,0,0,0,0,0,0,0,0,0,0,6
"California","Hillcrest",3.89878048780488,4.17439024390244,0,7.19,3.5,635,0.7839506173,21,22,0.81,3.5,4.5,3.5,3.5,3,3.5,4,3.5,5,3.8,0,0,0,0,0,0,0,0,0,0,0,0,0,0,0,0,0,0,0,0,0,0,0,0,0,0,0,0,0,0,0,0,0,6
"California","Hillcrest",3.89878048780488,4.17439024390244,0,7.89,4,546.181818181818,0.675277359895455,19,22.5,0.77,3,3.74109589041096,4.5,4,4.5,4.5,4.5,4.8,3.3,4.7,0,0,0,0,0,0,0,0,0,0,0,0,0,0,0,0,0,0,0,0,0,0,0,0,0,0,0,0,0,0,0,0,0,6
"California","Hillcrest",3.89878048780488,4.17439024390244,0,7.89,4,546.181818181818,0.675277359895455,18,21.5,0.66,3,3.74109589041096,4,4,4.5,4,4.5,4.5,5,4.5,0,0,0,0,0,0,0,0,0,0,0,0,0,0,0,0,0,0,0,0,0,0,0,0,0,0,0,0,0,0,0,0,0,6
"California","Hillcrest",3.89878048780488,4.17439024390244,0,6.9,4.3,550,0.6875,19,23,0.8,3,3,3.5,3.5,3.5,3.5,3.8,4,5,3.7,0,0,0,0,0,0,0,0,0,0,0,0,0,0,0,0,0,0,0,0,0,0,0,0,0,0,0,0,0,0,0,0,0,6
"Surf & Turf","Hillcrest",3.89878048780488,4.17439024390244,0,8.55,3,610,0.7261904762,20,23,0.84,3,2.5,3,3,3.5,2.8,3.5,2.8,1.5,3,0,0,0,0,0,0,0,0,0,0,0,0,0,0,0,0,0,0,0,0,0,0,0,0,0,0,0,0,0,0,0,0,0,6
"California","Hillcrest",3.89878048780488,4.17439024390244,0,7.8,2.5,620,0.6326530612,20.5,24.5,0.98,3,2,3.5,3,3,4,3,3.8,4.5,3.5,0,0,0,0,0,0,0,0,0,0,0,0,0,0,0,0,0,0,0,0,0,0,0,0,0,0,0,0,0,0,0,0,0,6
"carne asada ","Sorrento Valley",3.5,4.4,0,5.56,2.5,420,0.6176470588,21.5,20,0.68,2.5,3,2.5,3.5,4.5,4.5,3.7,3.3,4.5,3.5,0,0,0,0,0,0,0,0,0,0,0,0,0,0,0,0,0,0,0,0,0,0,0,0,0,0,0,0,0,0,0,0,0,7
"carne asada ","Sorrento Valley",3.89878048780488,4.17439024390244,0,5.56,4,546.181818181818,0.675277359895455,21,21.5,0.77,4,4,4,3,4,2,4,3,3,4,0,0,0,0,0,0,0,0,0,0,0,0,0,0,0,0,0,0,0,0,0,0,0,0,0,0,0,0,0,0,0,0,0,7
"fried fish","Sorrento Valley",3.89878048780488,4.17439024390244,0,5.56,3.5,546.181818181818,0.675277359895455,22.5,19,0.65,3.5,3,3.59624664879357,3.5,3,4,4.5,3.5,4,3.5,0,0,0,0,0,0,0,0,0,0,0,0,0,0,0,0,0,0,0,0,0,0,0,0,0,0,0,0,0,0,0,0,0,7
"California","Sorrento Valley",3.89878048780488,4.17439024390244,0,6.47,4,546.181818181818,0.675277359895455,23,22,0.89,1,2,2,2,3,3,1,2,3,2,0,0,0,0,0,0,0,0,0,0,0,0,0,0,0,0,0,0,0,0,0,0,0,0,0,0,0,0,0,0,0,0,0,7
"Carne asada","Austin",3.89878048780488,4.17439024390244,0,6.99,3,546.181818181818,0.675277359895455,20.0729880478088,22.0989959839357,0.785461847389558,3,4.5,2,3,2.5,4,2,2,4,2,0,0,0,0,0,0,0,0,0,0,0,0,0,0,0,0,0,0,0,0,0,0,0,0,0,0,0,0,0,0,0,0,0,7
"California","Austin",3.89878048780488,4.17439024390244,0,6.99,4,546.181818181818,0.675277359895455,20.5,21.5,0.75,4,3.74109589041096,3.5,3.5,3.5,3.5,3.5,3.5,5,3.7,0,0,0,0,0,0,0,0,0,0,0,0,0,0,0,0,0,0,0,0,0,0,0,0,0,0,0,0,0,0,0,0,0,7
"Local","Austin",3.89878048780488,4.17439024390244,0,8.5,3.8,546.181818181818,0.675277359895455,23,22,0.89,4,4.5,3,4,3,2.5,3.5,3.5,3,4,0,0,0,0,0,0,0,0,0,0,0,0,0,0,0,0,0,0,0,0,0,0,0,0,0,0,0,0,0,0,0,0,0,7
"Local","Austin",3.89878048780488,4.17439024390244,0,8.5,4,546.181818181818,0.675277359895455,22,21,0.77,4,4,3.75,4,3.5,3.5,4,5,3.5,4,0,0,0,0,0,0,0,0,0,0,0,0,0,0,0,0,0,0,0,0,0,0,0,0,0,0,0,0,0,0,0,0,0,7
"Carne asada","Austin",3.89878048780488,4.17439024390244,0,6.75,4,546.181818181818,0.675277359895455,19.5,21,0.68,4,4.5,3.5,3.5,4.5,4.5,3,3.5,4,3.9,0,0,0,0,0,0,0,0,0,0,0,0,0,0,0,0,0,0,0,0,0,0,0,0,0,0,0,0,0,0,0,0,0,8
"California","Austin",3.89878048780488,4.17439024390244,0,8.35,4.5,546.181818181818,0.675277359895455,21,23,0.88,3,3,4,3,4,2.5,4,4.5,4,4.1,0,0,0,0,0,0,0,0,0,0,0,0,0,0,0,0,0,0,0,0,0,0,0,0,0,0,0,0,0,0,0,0,0,8
"California","Austin",3.89878048780488,4.17439024390244,0,7,4,546.181818181818,0.675277359895455,19.5,21.5,0.72,4.5,5,4,4,4,3.7,3.8,4.6,4.8,4.2,0,0,0,0,0,0,0,0,0,0,0,0,0,0,0,0,0,0,0,0,0,0,0,0,0,0,0,0,0,0,0,0,0,8
"California","Del Mar",4,4.2,0,6.99,4,550,0.7857142857,20,21,0.7,4,5,3.5,3.8,3,2.5,3.3,4,5,3.7,0,0,0,0,0,0,0,0,0,0,0,0,0,0,0,0,0,0,0,0,0,0,0,0,0,0,0,0,0,0,0,0,0,8
"Steak fajitas","Del Mar",3.89878048780488,4.17439024390244,0,7.1,3,546.181818181818,0.675277359895455,21,22,0.81,3.5,5,4,4,4.5,4.75,3.75,4,5,4.2,0,0,0,0,0,0,0,0,0,0,0,0,0,0,0,0,0,0,0,0,0,0,0,0,0,0,0,0,0,0,0,0,0,8
"Hashbrown","Del Mar",3.89878048780488,4.17439024390244,0,6.47,4,450,0.625,22.5,20,0.72,3,3,2,2.5,1.5,2.5,2.5,3,5,3.2,0,0,0,0,0,0,0,0,0,0,0,0,0,0,0,0,0,0,0,0,0,0,0,0,0,0,0,0,0,0,0,0,0,8
"Hashbrown","Del Mar",3.89878048780488,4.17439024390244,0,8.94,3.5,546.181818181818,0.675277359895455,21.5,22,0.83,2.5,3.5,3.5,3.5,3.5,4,3,3.5,4.5,3.8,0,0,0,0,0,0,0,0,0,0,0,0,0,0,0,0,0,0,0,0,0,0,0,0,0,0,0,0,0,0,0,0,0,8
"Carnitas","Del Mar",3.89878048780488,4.17439024390244,0,5.99,2,546.181818181818,0.675277359895455,20,21.5,0.74,2,2.5,4,3,4,3.5,3,3,5,3.8,0,0,0,0,0,0,0,0,0,0,0,0,0,0,0,0,0,0,0,0,0,0,0,0,0,0,0,0,0,0,0,0,0,8
"Carne asada","Del Mar",3.89878048780488,4.17439024390244,0,6.99,3.5,546.181818181818,0.675277359895455,20.0729880478088,22.0989959839357,0.785461847389558,4,4,4,4.5,4,3.5,4,4,4,4.3,0,0,0,0,0,0,0,0,0,0,0,0,0,0,0,0,0,0,0,0,0,0,0,0,0,0,0,0,0,0,0,0,0,8
"Local","Del Mar",3.89878048780488,4.17439024390244,0,8.5,3.5,540,0.6835443038,21.5,21.5,0.79,3.5,4,4.5,4,3,4,3.5,4.5,5,4.3,0,0,0,0,0,0,0,0,0,0,0,0,0,0,0,0,0,0,0,0,0,0,0,0,0,0,0,0,0,0,0,0,0,9
"Local","Del Mar",3.89878048780488,4.17439024390244,0,8.5,3.5,540,0.6136363636,21,23,0.88,4,4,4,4.5,4.2,4.5,4,4.5,4.8,4.5,0,0,0,0,0,0,0,0,0,0,0,0,0,0,0,0,0,0,0,0,0,0,0,0,0,0,0,0,0,0,0,0,0,9
"California ","Del Mar",3.89878048780488,4.17439024390244,0,6.85,3.5,546.181818181818,0.675277359895455,22.5,22.5,0.91,3,4.5,3.8,3.8,4,3.5,3.5,4,3,4.1,0,0,0,0,0,0,0,0,0,0,0,0,0,0,0,0,0,0,0,0,0,0,0,0,0,0,0,0,0,0,0,0,0,9
"California ","Del Mar",3.89878048780488,4.17439024390244,0,6.85,3.5,546.181818181818,0.675277359895455,22.2,22.5,0.89,3,4.5,4,4,4.5,3,4,4,3.5,4.25,0,0,0,0,0,0,0,0,0,0,0,0,0,0,0,0,0,0,0,0,0,0,0,0,0,0,0,0,0,0,0,0,0,9
"California ","Del Mar",3.89878048780488,4.17439024390244,0,7.89,4,546.181818181818,0.675277359895455,19,23,0.8,4,3,4,4,3,4,3.5,4.3,4.5,4.2,0,0,0,0,0,0,0,0,0,0,0,0,0,0,0,0,0,0,0,0,0,0,0,0,0,0,0,0,0,0,0,0,0,12
"California ","Del Mar",3.89878048780488,4.17439024390244,0,7.89,5,546.181818181818,0.675277359895455,20,21.5,0.74,5,5,5,5,4,4,5,5,3,4.5,0,0,0,0,0,0,0,0,0,0,0,0,0,0,0,0,0,0,0,0,0,0,0,0,0,0,0,0,0,0,0,0,0,12
